"관측지점별(1)",2023.10,2023.10,2023.10,2023.10,2023.10,2023.10,2023.10,2023.10,2023.10,2023.10,2023.10,2023.10,2023.10,2023.10,2023.10,2023.10,2023.10,2023.10,2023.10,2023.10,2023.10,2023.10,2023.10,2023.10,2023.10,2023.10,2023.10,2023.10,2023.11,2023.11,2023.11,2023.11,2023.11,2023.11,2023.11,2023.11,2023.11,2023.11,2023.11,2023.11,2023.11,2023.11,2023.11,2023.11,2023.11,2023.11,2023.11,2023.11,2023.11,2023.11,2023.11,2023.11,2023.11,2023.11,2023.11,2023.11,2023.11,2023.11,2023.11,2023.11,2023.11,2023.12,2023.12,2023.12,2023.12,2023.12,2023.12,2023.12,2023.12,2023.12,2023.12,2023.12,2023.12,2023.12,2023.12,2023.12,2023.12,2023.12,2023.12,2023.12,2023.12,2023.12,2023.12,2023.12,2023.12,2023.12,2023.12,2023.12,2023.12,2023.12,2023.12,2023.12,2023.12,2023.12
"관측지점별(1)",평균기온 (℃),평균최고기온 (℃),평균최저기온 (℃),최고기온 (℃),최고기온일자,최저기온 (℃),최저기온일자,합계강수량 (mm),평균풍속 (m/s),최대풍속 (m/s),최대풍속일자,최대순간풍속 (m/s),최대순간풍속일자,평균상대습도 (%),최소상대습도 (%),최소상대습도일자,평균이슬점온도 (℃),평균증기압 (hPa),합계일조시간 (hr),합계수평면일사 (MJ/㎡),평균전운량 (할),평균현지기압 (hPa),평균해면기압 (hPa),최고해면기압 (hPa),최고해면기압일자,최저해면기압 (hPa),최저해면기압일자,평균지면온도 (℃),평균기온 (℃),평균최고기온 (℃),평균최저기온 (℃),최고기온 (℃),최고기온일자,최저기온 (℃),최저기온일자,합계강수량 (mm),최심적설 (cm),최심적설일자,최심신적설 (cm),최심신적설일자,합계신적설 (cm),평균풍속 (m/s),최대풍속 (m/s),최대풍속일자,최대순간풍속 (m/s),최대순간풍속일자,평균상대습도 (%),최소상대습도 (%),최소상대습도일자,평균이슬점온도 (℃),평균증기압 (hPa),합계일조시간 (hr),합계수평면일사 (MJ/㎡),평균전운량 (할),평균현지기압 (hPa),평균해면기압 (hPa),최고해면기압 (hPa),최고해면기압일자,최저해면기압 (hPa),최저해면기압일자,평균지면온도 (℃),평균기온 (℃),평균최고기온 (℃),평균최저기온 (℃),최고기온 (℃),최고기온일자,최저기온 (℃),최저기온일자,합계강수량 (mm),최심적설 (cm),최심적설일자,최심신적설 (cm),최심신적설일자,합계신적설 (cm),평균풍속 (m/s),최대풍속 (m/s),최대풍속일자,최대순간풍속 (m/s),최대순간풍속일자,평균상대습도 (%),최소상대습도 (%),최소상대습도일자,평균이슬점온도 (℃),평균증기압 (hPa),합계일조시간 (hr),합계수평면일사 (MJ/㎡),평균전운량 (할),평균현지기압 (hPa),평균해면기압 (hPa),최고해면기압 (hPa),최고해면기압일자,최저해면기압 (hPa),최저해면기압일자,평균지면온도 (℃)
"속초",16.4,21.2,11.5,25.5,2023-10-04,6.3,2023-10-22,31.4,1.8,6.8,2023-10-27,12.0,2023-10-18,59,18,2023-10-20,7.8,10.9,218.1,-,3.6,1015.5,1017.5,1026.7,2023-10-08,1006.3,2023-10-15,16.4,8.8,13.6,4.2,27.5,2023-11-02,-6.0,2023-11-30,60.1,-,-,-,-,-,2.4,12.2,2023-11-06,23.4,2023-11-06,48,11,2023-11-10,-2.6,6.2,208.7,-,3.3,1016.5,1018.6,1033.9,2023-11-25,994.4,2023-11-06,8.2,2.3,5.9,-2.3,19.0,2023-12-09,-13.2,2023-12-22,205.0,-,-,-,-,-,2.3,11.7,2023-12-26,18.1,2023-12-16,55,17,2023-12-18,-6.6,4.5,-,-,4.0,1020.7,1023.0,1035.2,2023-12-23,1002.9,2023-12-06,1.6
"북춘천",12.3,19.6,7.0,23.5,2023-10-02,-0.2,2023-10-21,25.9,0.8,7.0,2023-10-20,10.7,2023-10-20,82,22,2023-10-20,8.8,11.6,195.9,380.93,5.2,1008.1,1019.6,1029.0,2023-10-12,1009.1,2023-10-14,14.9,4.6,10.4,-0.8,25.9,2023-11-02,-9.7,2023-11-30,80.3,-,-,-,-,-,1.3,8.2,2023-11-07,15.1,2023-11-06,71,14,2023-11-25,-0.9,6.9,181.9,275.53,4.2,1010.1,1022.0,1037.1,2023-11-25,999.0,2023-11-06,5.4,-1.6,3.9,-6.6,16.9,2023-12-09,-16.9,2023-12-22,77.3,7.5,2023-12-30,7.5,2023-12-30,11.4,1.1,7.0,2023-12-16,13.4,2023-12-16,72,23,2023-12-17,-6.4,4.5,164.6,226.19,4.8,1013.6,1025.8,1041.2,2023-12-23,1005.8,2023-12-06,-0.8
"철원",12.4,19.7,6.2,22.8,2023-10-02,-0.4,2023-10-22,30.5,0.9,4.9,2023-10-04,11.3,2023-10-20,79,24,2023-10-28,8.2,11.2,229.3,418.20,4.1,1001.0,1019.6,1028.2,2023-10-12,1009.0,2023-10-14,14.2,4.3,9.8,-0.7,24.6,2023-11-02,-11.6,2023-11-30,104.9,-,-,-,-,-,1.3,6.3,2023-11-09,17.5,2023-11-06,73,17,2023-11-25,-0.6,7.0,161.0,263.88,3.7,1003.1,1022.4,1037.6,2023-11-25,998.3,2023-11-06,5.5,-1.9,3.3,-7.2,15.6,2023-12-09,-18.3,2023-12-22,69.4,-,-,-,-,-,1.4,7.1,2023-12-11,15.2,2023-12-16,79,32,2023-12-23,-5.5,4.7,148.4,208.16,4.5,1006.3,1026.1,1041.5,2023-12-23,1005.0,2023-12-06,0.0
"동두천",13.6,20.5,8.2,23.6,2023-10-01,1.5,2023-10-22,38.5,0.8,5.5,2023-10-20,10.1,2023-10-20,77,19,2023-10-17,8.8,11.7,206.3,397.81,4.2,1005.3,1019.1,1027.7,2023-10-12,1008.7,2023-10-14,15.7,5.4,11.2,0.5,25.7,2023-11-02,-8.4,2023-11-30,93.4,-,-,-,-,-,1.5,9.4,2023-11-06,18.0,2023-11-06,68,10,2023-11-25,-0.9,7.2,161.7,265.00,3.7,1007.7,1022.0,1036.8,2023-11-25,998.2,2023-11-06,6.5,-0.5,4.8,-5.1,16.3,2023-12-09,-16.3,2023-12-22,76.6,-,-,-,-,-,1.3,9.2,2023-12-16,16.9,2023-12-16,72,15,2023-12-27,-5.4,4.9,151.8,221.07,4.0,1010.8,1025.5,1040.6,2023-12-23,1005.0,2023-12-06,0.4
"파주",12.9,20.5,6.9,24.0,2023-10-02,-0.5,2023-10-22,46.5,1.0,5.3,2023-10-21,10.1,2023-10-20,83,26,2023-10-21,9.5,12.2,203.0,410.35,4.1,1016.0,1019.7,1028.3,2023-10-12,1009.2,2023-10-14,15.5,4.7,10.4,-0.3,24.8,2023-11-02,-9.7,2023-11-25,75.5,-,-,-,-,-,1.6,8.1,2023-11-06,15.5,2023-11-06,75,25,2023-11-08,0.3,7.5,167.4,273.12,3.7,1018.8,1022.6,1037.3,2023-11-25,999.6,2023-11-06,6.3,-1.1,4.1,-6.2,15.6,2023-12-08,-17.6,2023-12-22,72.0,-,-,-,-,-,1.5,6.9,2023-12-16,13.3,2023-12-16,77,36,2023-12-01,-5.0,4.9,145.6,220.14,4.1,1022.2,1026.1,1041.0,2023-12-23,1005.4,2023-12-06,0.6
"대관령",9.0,15.9,2.7,19.5,2023-10-18,-1.7,2023-10-17,31.2,2.1,9.4,2023-10-26,16.3,2023-10-26,79,21,2023-10-31,4.8,8.9,209.7,426.47,4.1,930.2,1020.0,1030.8,2023-10-12,1008.0,2023-10-15,11.0,2.7,8.0,-2.7,21.6,2023-11-02,-13.2,2023-11-30,39.9,-,-,-,-,-,4.6,17.0,2023-11-07,28.9,2023-11-07,65,11,2023-11-22,-4.2,5.5,188.2,308.68,3.4,929.0,1021.1,1036.8,2023-11-25,997.8,2023-11-06,3.1,-4.1,0.5,-8.7,12.8,2023-12-09,-20.4,2023-12-22,155.2,-,-,-,-,-,3.8,13.6,2023-12-16,23.8,2023-12-16,75,20,2023-12-04,-8.2,4.0,160.8,249.41,4.1,930.7,1025.4,1040.3,2023-12-23,1004.9,2023-12-06,-2.0
"춘천",12.9,19.6,7.8,23.4,2023-10-01,0.4,2023-10-21,28.2,1.1,6.1,2023-10-20,10.8,2023-10-20,78,20,2023-10-20,8.5,11.3,163.1,363.99,4.9,1010.0,1019.1,1028.5,2023-10-12,1008.6,2023-10-15,14.5,5.2,11.1,-0.2,25.5,2023-11-02,-9.0,2023-11-30,86.2,-,-,-,-,-,1.5,8.0,2023-11-06,16.1,2023-11-06,66,15,2023-11-25,-1.4,6.6,150.1,259.71,3.6,1012.0,1021.4,1036.4,2023-11-25,998.6,2023-11-06,5.6,-0.8,4.6,-5.7,16.4,2023-12-09,-15.7,2023-12-23,91.8,-,-,-,-,-,1.4,7.3,2023-12-16,12.4,2023-12-16,72,23,2023-12-01,-5.7,4.6,130.4,208.82,4.3,1015.5,1025.2,1040.3,2023-12-23,1005.3,2023-12-06,-0.3
"백령도",16.5,19.6,14.0,23.8,2023-10-04,9.5,2023-10-21,19.9,4.0,15.2,2023-10-05,20.3,2023-10-05,69,20,2023-10-02,10.3,13.1,214.8,441.98,4.0,1013.6,1017.9,1026.1,2023-10-12,1007.7,2023-10-14,18.1,7.9,10.8,5.1,22.7,2023-11-01,-2.4,2023-11-25,107.7,2.5,2023-11-29,2.5,2023-11-29,2.8,5.9,16.1,2023-11-17,25.9,2023-11-17,66,30,2023-11-20,1.7,7.9,123.8,252.20,6.6,1016.4,1020.8,1035.6,2023-11-25,995.8,2023-11-06,7.6,2.2,4.3,0.0,14.6,2023-12-08,-9.6,2023-12-21,74.8,12.0,2023-12-20,11.2,2023-12-19,25.2,4.9,14.2,2023-12-16,21.0,2023-12-22,74,34,2023-12-09,-2.2,5.7,84.4,174.06,6.7,1019.5,1024.0,1038.1,2023-12-23,1005.8,2023-12-06,2.1
"북강릉",15.7,20.7,11.3,25.2,2023-10-04,7.0,2023-10-21,21.3,1.2,5.0,2023-10-14,10.1,2023-10-20,62,18,2023-10-20,7.8,10.9,218.3,408.32,3.7,1008.4,1017.3,1026.2,2023-10-12,1006.0,2023-10-15,15.2,9.3,14.1,4.5,27.7,2023-11-02,-6.2,2023-11-30,59.9,-,-,-,-,-,1.8,9.7,2023-11-06,20.6,2023-11-06,49,12,2023-11-10,-1.8,6.5,222.8,326.58,3.0,1009.2,1018.3,1033.5,2023-11-25,995.6,2023-11-06,7.2,2.8,6.9,-1.3,20.3,2023-12-09,-12.0,2023-12-22,248.4,1.7,2023-12-15,1.7,2023-12-15,1.7,1.6,8.1,2023-12-07,14.9,2023-12-07,57,16,2023-12-04,-5.9,4.7,188.5,247.26,3.6,1013.3,1022.7,1034.6,2023-12-23,1003.1,2023-12-06,1.1
"강릉",17.0,22.0,12.9,26.7,2023-10-18,7.1,2023-10-21,26.1,2.4,6.8,2023-10-31,13.8,2023-10-31,59,19,2023-10-31,8.1,11.1,213.7,387.14,3.9,1014.6,1017.8,1026.9,2023-10-12,1006.7,2023-10-15,17.9,10.5,15.1,6.2,29.1,2023-11-02,-4.6,2023-11-30,41.0,-,-,-,-,-,2.9,13.3,2023-11-06,27.0,2023-11-06,48,13,2023-11-21,-1.2,6.7,215.9,303.29,3.4,1015.5,1018.8,1034.0,2023-11-25,996.1,2023-11-06,10.4,3.6,7.7,-0.2,20.5,2023-12-08,-11.1,2023-12-22,229.2,-,-,-,-,-,2.7,7.8,2023-12-16,16.7,2023-12-16,56,17,2023-12-04,-5.3,4.9,186.1,237.24,3.8,1019.9,1023.3,1035.3,2023-12-23,1003.4,2023-12-06,2.3
"동해",16.1,20.9,11.7,24.7,2023-10-04,6.3,2023-10-22,31.2,1.9,7.4,2023-10-27,12.8,2023-10-27,65,20,2023-10-22,8.9,11.7,213.1,-,3.9,1013.0,1017.8,1026.9,2023-10-12,1006.7,2023-10-15,15.4,10.5,14.8,5.9,27.2,2023-11-02,-2.9,2023-11-30,74.6,-,-,-,-,-,2.1,9.4,2023-11-07,20.2,2023-11-07,49,13,2023-11-23,-0.8,7.0,207.0,-,3.3,1014.0,1018.9,1034.0,2023-11-25,996.3,2023-11-06,8.4,4.3,8.1,0.5,19.1,2023-12-09,-8.7,2023-12-22,-,-,-,-,-,-,2.1,9.3,2023-12-11,16.7,2023-12-21,55,15,2023-12-04,-5.2,5.1,186.1,-,3.8,1018.0,1023.1,1035.1,2023-12-23,1002.9,2023-12-06,1.8
"서울",15.8,21.0,11.5,24.6,2023-10-02,5.4,2023-10-22,31.0,1.9,6.4,2023-10-20,12.1,2023-10-20,67,26,2023-10-17,9.0,11.8,208.7,416.57,3.7,1008.0,1018.1,1026.5,2023-10-12,1007.6,2023-10-14,16.1,6.8,11.5,2.9,25.9,2023-11-02,-7.3,2023-11-30,81.9,-,-,-,-,-,2.6,9.1,2023-11-06,16.9,2023-11-06,65,22,2023-11-25,0.2,7.5,171.9,284.12,3.8,1010.5,1021.1,1035.3,2023-11-25,998.5,2023-11-06,7.0,1.1,5.2,-2.5,16.8,2023-12-08,-14.7,2023-12-22,85.9,12.2,2023-12-30,12.2,2023-12-30,19.9,2.4,9.0,2023-12-16,17.9,2023-12-16,69,30,2023-12-03,-4.1,5.3,-,-,4.4,1013.5,1024.3,1039.0,2023-12-23,1004.2,2023-12-06,1.0
"인천",16.3,20.1,12.9,23.4,2023-10-02,7.3,2023-10-22,16.8,2.3,9.4,2023-10-04,14.0,2023-10-04,65,26,2023-10-17,9.3,12.2,224.4,427.05,3.7,1010.4,1018.6,1026.8,2023-10-12,1008.0,2023-10-14,17.2,6.9,10.7,3.4,23.2,2023-11-02,-6.5,2023-11-30,63.1,-,-,-,-,-,3.3,14.6,2023-11-06,21.7,2023-11-06,66,30,2023-11-25,0.6,7.7,156.7,269.37,4.2,1013.1,1021.6,1035.8,2023-11-25,999.0,2023-11-06,8.1,1.2,4.5,-2.0,16.0,2023-12-08,-14.2,2023-12-22,75.9,4.1,2023-12-24,4.1,2023-12-24,9.2,3.0,10.8,2023-12-16,18.5,2023-12-16,69,37,2023-12-18,-4.0,5.2,139.9,215.72,4.6,1016.0,1024.7,1039.7,2023-12-23,1004.4,2023-12-06,2.3
"원주",13.9,19.8,9.1,23.1,2023-10-12,2.8,2023-10-22,37.8,0.7,4.9,2023-10-20,9.6,2023-10-20,72,25,2023-10-20,8.2,11.1,201.9,409.56,4.4,1001.4,1019.3,1027.9,2023-10-12,1008.6,2023-10-14,14.5,6.9,12.1,2.1,25.7,2023-11-02,-6.0,2023-11-30,66.7,-,-,-,-,-,1.1,5.8,2023-11-28,13.1,2023-11-06,61,18,2023-11-25,-0.7,6.9,181.8,286.92,3.6,1003.3,1021.7,1036.4,2023-11-25,999.7,2023-11-06,6.1,1.0,5.6,-3.2,17.5,2023-12-09,-13.6,2023-12-23,80.7,-,-,-,-,-,1.0,7.4,2023-12-16,13.9,2023-12-16,68,22,2023-12-04,-4.8,5.0,152.3,219.52,4.2,1006.3,1025.2,1040.5,2023-12-23,1004.1,2023-12-06,0.2
"울릉도",16.8,20.4,14.0,24.6,2023-10-04,9.4,2023-10-21,49.1,3.3,12.4,2023-10-27,19.6,2023-10-05,66,33,2023-10-19,10.1,12.6,193.3,391.84,4.4,990.8,1016.6,1025.5,2023-10-12,1005.2,2023-10-15,15.8,11.2,14.3,8.3,24.5,2023-11-02,0.2,2023-11-30,115.5,2.7,2023-11-18,2.7,2023-11-18,4.9,4.6,14.6,2023-11-07,25.5,2023-11-07,69,28,2023-11-01,5.4,9.9,122.8,236.98,5.6,990.9,1017.3,1030.8,2023-11-25,998.0,2023-11-06,9.3,5.3,8.1,2.7,18.6,2023-12-09,-5.6,2023-12-22,183.8,36.5,2023-12-22,15.7,2023-12-22,54.2,3.9,15.7,2023-12-15,27.9,2023-12-15,73,38,2023-12-07,0.5,6.8,95.4,162.08,6.5,995.5,1022.7,1026.8,2023-12-29,1007.8,2023-12-31,4.1
"수원",14.9,20.9,9.8,24.4,2023-10-02,3.0,2023-10-22,35.8,1.5,7.4,2023-10-20,12.3,2023-10-20,72,25,2023-10-29,9.1,11.9,-,-,3.9,1014.3,1019.0,1027.1,2023-10-12,1008.5,2023-10-14,17.3,6.7,11.9,2.2,26.2,2023-11-02,-6.5,2023-11-30,99.0,0.1,2023-11-17,0.1,2023-11-17,0.1,2.2,9.4,2023-11-06,16.8,2023-11-06,67,15,2023-11-08,0.6,7.6,175.3,276.07,4.0,1017.0,1022.0,1036.1,2023-11-25,1000.6,2023-11-06,7.9,1.1,5.7,-3.3,17.6,2023-12-08,-13.7,2023-12-22,83.5,6.5,2023-12-16,6.5,2023-12-16,20.1,1.8,9.0,2023-12-16,15.0,2023-12-16,71,28,2023-12-03,-3.9,5.3,-,-,4.8,1020.0,1025.0,1039.8,2023-12-23,1005.5,2023-12-06,1.5
"영월",12.5,19.6,7.8,22.7,2023-10-12,0.5,2023-10-21,21.2,0.7,7.1,2023-10-26,14.3,2023-10-26,80,24,2023-10-31,8.3,11.2,170.9,-,4.9,991.0,1019.6,1028.5,2023-10-12,1007.7,2023-10-14,14.4,5.9,12.4,0.2,25.8,2023-11-05,-7.7,2023-11-25,37.3,-,-,-,-,-,1.2,7.2,2023-11-07,14.3,2023-11-06,65,12,2023-11-23,-1.0,6.6,185.0,-,3.7,992.3,1021.7,1036.4,2023-11-25,1000.8,2023-11-06,4.9,0.0,5.6,-4.7,17.6,2023-12-09,-15.0,2023-12-23,100.5,-,-,-,-,-,1.0,6.6,2023-12-16,13.3,2023-12-16,70,22,2023-12-04,-5.5,4.7,150.4,-,4.0,995.3,1025.5,1040.8,2023-12-23,1005.8,2023-12-06,-1.3
"충주",13.0,20.1,7.3,23.1,2023-10-12,0.8,2023-10-21,31.3,0.8,5.8,2023-10-20,11.2,2023-10-20,79,26,2023-10-20,8.8,11.6,191.4,404.91,4.5,1004.9,1018.7,1027.5,2023-10-12,1007.0,2023-10-14,15.9,6.0,12.2,0.4,26.4,2023-11-02,-8.0,2023-11-25,50.8,-,-,-,-,-,1.5,7.9,2023-11-06,15.7,2023-11-06,68,9,2023-11-29,0.1,7.2,178.4,286.64,3.6,1007.2,1021.4,1035.9,2023-11-25,1000.4,2023-11-06,8.0,0.3,5.6,-4.4,18.6,2023-12-09,-14.7,2023-12-23,96.3,-,-,-,-,-,1.4,7.9,2023-12-11,13.9,2023-12-11,73,4,2023-12-09,-4.4,5.1,129.3,202.23,4.3,1010.2,1024.7,1040.3,2023-12-23,1004.4,2023-12-06,2.1
"서산",15.0,20.9,9.7,24.6,2023-10-04,3.2,2023-10-22,39.6,1.6,7.6,2023-10-20,13.5,2023-10-20,76,25,2023-10-02,10.1,12.6,214.5,423.35,4.3,1016.1,1019.1,1026.8,2023-10-12,1008.4,2023-10-14,17.5,7.6,12.3,3.2,22.5,2023-11-05,-4.4,2023-11-30,122.9,-,-,-,-,-,2.5,9.2,2023-11-06,17.3,2023-11-06,73,22,2023-11-25,2.7,8.5,133.1,254.29,5.2,1018.9,1022.0,1036.0,2023-11-25,1001.3,2023-11-06,9.2,2.1,6.3,-1.8,16.1,2023-12-09,-13.6,2023-12-23,106.5,-,-,-,-,-,2.1,10.4,2023-12-16,18.2,2023-12-16,79,37,2023-12-03,-1.4,6.1,91.9,192.09,6.1,1021.6,1024.8,1039.7,2023-12-23,1005.2,2023-12-06,4.7
"울진",15.6,21.4,10.5,25.3,2023-10-18,5.4,2023-10-22,11.8,2.1,8.0,2023-10-27,14.9,2023-10-27,66,20,2023-10-20,8.8,11.6,241.9,-,3.8,1012.1,1017.9,1026.6,2023-10-12,1006.9,2023-10-15,15.4,10.0,15.3,5.0,28.5,2023-11-02,-4.1,2023-11-25,37.4,-,-,-,-,-,2.5,7.8,2023-11-10,16.8,2023-11-06,51,11,2023-11-24,-0.7,7.0,230.4,-,3.3,1013.1,1019.1,1033.7,2023-11-25,999.4,2023-11-06,8.9,3.9,8.9,-0.6,19.7,2023-12-09,-10.3,2023-12-22,139.7,-,-,-,-,-,3.1,15.8,2023-12-11,20.3,2023-12-11,54,13,2023-12-04,-5.7,4.9,195.6,-,3.7,1016.8,1022.9,1035.6,2023-12-23,1004.1,2023-12-06,2.4
"청주",16.1,21.5,11.3,24.5,2023-10-04,5.4,2023-10-21,17.4,1.1,4.6,2023-10-02,10.6,2023-10-21,63,25,2023-10-01,8.5,11.3,202.4,436.81,4.0,1011.8,1018.7,1027.1,2023-10-12,1007.3,2023-10-14,17.9,8.3,13.1,3.8,26.5,2023-11-02,-5.4,2023-11-30,41.5,1.5,2023-11-17,1.5,2023-11-17,1.6,1.3,6.4,2023-11-06,15.6,2023-11-06,60,18,2023-11-25,0.4,7.3,170.7,289.43,4.2,1014.5,1021.7,1036.0,2023-11-25,1000.9,2023-11-06,8.9,2.5,6.5,-1.2,19.6,2023-12-09,-12.4,2023-12-22,97.3,3.4,2023-12-16,3.4,2023-12-16,5.3,1.2,6.2,2023-12-11,11.4,2023-12-16,66,32,2023-12-03,-3.5,5.4,119.1,212.76,5.0,1017.4,1024.8,1039.9,2023-12-23,1005.0,2023-12-06,3.4
"대전",15.0,21.4,9.8,24.1,2023-10-04,3.9,2023-10-21,12.2,1.3,7.3,2023-10-20,14.3,2023-10-20,69,17,2023-10-31,8.6,11.4,227.8,445.48,4.0,1011.0,1019.1,1027.3,2023-10-12,1007.7,2023-10-14,17.8,7.6,13.2,2.6,26.3,2023-11-02,-6.4,2023-11-30,40.3,2.5,2023-11-18,1.9,2023-11-18,2.5,1.8,8.0,2023-11-23,14.2,2023-11-23,63,14,2023-11-25,0.5,7.4,167.7,293.28,4.2,1013.7,1022.1,1036.1,2023-11-25,1001.6,2023-11-06,8.5,2.2,7.3,-2.0,19.8,2023-12-09,-13.7,2023-12-22,124.1,1.9,2023-12-20,1.8,2023-12-24,6.5,1.6,9.2,2023-12-16,15.6,2023-12-16,70,29,2023-12-03,-3.1,5.5,141.1,233.54,5.1,1016.4,1025.0,1039.8,2023-12-23,1005.9,2023-12-06,3.2
"추풍령",13.5,20.0,7.6,23.6,2023-10-18,1.9,2023-10-21,12.2,1.9,7.6,2023-10-20,15.7,2023-10-20,70,22,2023-10-18,7.4,10.5,232.3,464.21,3.9,990.0,1019.0,1027.6,2023-10-12,1007.2,2023-10-14,15.8,6.5,12.1,1.1,26.7,2023-11-02,-6.0,2023-11-30,36.6,-,-,-,-,-,3.2,12.1,2023-11-06,20.8,2023-11-06,63,14,2023-11-25,-0.7,6.7,183.7,305.05,3.8,991.8,1021.7,1035.9,2023-11-25,1002.8,2023-11-06,7.8,1.0,5.8,-3.6,18.0,2023-12-09,-13.7,2023-12-22,117.1,-,-,-,-,-,2.8,12.0,2023-12-16,23.9,2023-12-16,69,23,2023-12-04,-4.4,5.0,151.5,237.97,4.2,994.4,1025.0,1040.0,2023-12-23,1006.7,2023-12-06,1.5
"안동",13.6,20.7,8.2,23.3,2023-10-01,1.7,2023-10-22,8.5,1.0,6.3,2023-10-20,11.0,2023-10-20,77,29,2023-10-20,9.1,11.8,205.2,441.37,4.9,1002.9,1019.7,1028.8,2023-10-12,1008.4,2023-10-14,16.8,6.6,12.8,0.8,26.6,2023-11-02,-6.2,2023-11-25,32.1,-,-,-,-,-,1.8,9.0,2023-11-06,17.1,2023-11-06,65,20,2023-11-25,-0.1,7.0,204.3,326.52,3.3,1004.8,1022.2,1036.3,2023-11-25,1003.4,2023-11-06,7.6,0.9,6.5,-4.3,18.2,2023-12-09,-13.4,2023-12-23,76.0,-,-,-,-,-,1.6,8.4,2023-12-16,15.8,2023-12-16,67,26,2023-12-03,-5.0,4.9,169.8,264.00,4.1,1007.8,1025.6,1040.6,2023-12-23,1007.5,2023-12-06,1.1
"상주",14.6,21.6,8.8,24.7,2023-10-04,3.2,2023-10-21,5.2,1.0,4.9,2023-10-20,11.9,2023-10-20,71,23,2023-10-31,8.7,11.5,231.3,461.26,4.0,1006.7,1018.2,1027.1,2023-10-12,1006.6,2023-10-14,17.6,7.3,13.2,2.1,27.5,2023-11-02,-5.1,2023-11-30,35.9,-,-,-,-,-,1.7,7.6,2023-11-29,17.1,2023-11-07,62,16,2023-11-25,-0.2,7.0,190.3,313.82,3.3,1009.0,1020.9,1035.0,2023-11-25,1002.1,2023-11-06,8.0,1.6,6.5,-2.7,17.6,2023-12-09,-11.9,2023-12-22,120.1,-,-,-,-,-,1.6,8.8,2023-12-16,19.7,2023-12-16,67,22,2023-12-04,-4.2,5.1,157.5,247.08,4.0,1012.1,1024.2,1038.8,2023-12-23,1006.2,2023-12-06,2.5
"포항",17.3,22.0,13.2,25.0,2023-10-04,8.5,2023-10-21,4.4,2.5,6.8,2023-10-20,14.1,2023-10-20,58,17,2023-10-20,8.5,11.4,240.3,452.15,3.7,1017.3,1017.8,1026.0,2023-10-12,1007.2,2023-10-14,18.7,10.9,15.6,6.6,28.0,2023-11-02,-1.8,2023-11-25,13.1,-,-,-,-,-,2.9,9.5,2023-11-18,18.6,2023-11-07,49,14,2023-11-24,-0.2,7.1,215.9,339.02,2.6,1019.3,1019.8,1033.1,2023-11-25,1002.5,2023-11-06,10.1,5.0,9.1,1.1,20.6,2023-12-09,-8.3,2023-12-22,106.4,-,-,-,-,-,2.9,10.2,2023-12-11,17.1,2023-12-16,53,16,2023-12-04,-4.5,5.2,192.2,267.53,3.8,1022.7,1023.2,1036.9,2023-12-23,1005.2,2023-12-06,3.7
"군산",15.7,21.1,11.1,24.9,2023-10-02,5.4,2023-10-22,20.5,1.9,11.3,2023-10-20,15.5,2023-10-21,74,27,2023-10-01,10.5,12.9,229.8,-,4.1,1016.5,1019.8,1027.4,2023-10-12,1009.2,2023-10-14,18.8,8.6,13.5,4.1,25.6,2023-11-02,-3.4,2023-11-30,80.2,-,-,-,-,-,2.8,12.3,2023-11-06,20.4,2023-11-06,72,24,2023-11-25,3.4,8.8,163.4,-,4.7,1019.4,1022.9,1036.6,2023-11-25,1003.2,2023-11-06,9.9,3.2,7.5,-0.4,20.5,2023-12-08,-12.6,2023-12-22,139.0,-,-,-,-,-,2.1,12.6,2023-12-16,18.7,2023-12-16,78,41,2023-12-05,-0.6,6.5,102.9,-,5.7,1022.0,1025.5,1040.2,2023-12-23,1007.3,2023-12-06,4.6
"대구",15.9,22.4,10.5,24.8,2023-10-31,5.3,2023-10-22,5.7,1.7,7.9,2023-10-05,13.8,2023-10-20,66,24,2023-10-31,8.7,11.5,235.6,457.45,3.6,1012.2,1018.6,1027.4,2023-10-12,1007.3,2023-10-14,17.8,9.2,15.1,4.1,27.3,2023-11-02,-2.4,2023-11-26,31.6,1.1,2023-11-18,1.1,2023-11-18,1.2,2.6,9.9,2023-11-18,15.9,2023-11-18,57,12,2023-11-25,0.2,7.2,211.3,335.24,3.0,1014.5,1021.1,1034.3,2023-11-25,1003.5,2023-11-06,8.8,3.5,8.6,-1.3,20.0,2023-12-09,-9.7,2023-12-22,89.9,0.6,2023-12-20,0.6,2023-12-20,0.6,2.3,10.6,2023-12-16,19.5,2023-12-16,62,15,2023-12-05,-3.7,5.4,189.8,264.12,3.7,1017.6,1024.4,1038.8,2023-12-23,1006.6,2023-12-06,2.5
"전주",16.1,21.8,11.4,25.7,2023-10-12,5.8,2023-10-21,18.2,1.4,5.9,2023-10-01,10.3,2023-10-20,69,21,2023-10-31,9.8,12.3,240.2,436.05,4.0,1011.9,1019.1,1026.6,2023-10-12,1008.3,2023-10-14,17.9,9.0,13.9,4.4,27.1,2023-11-02,-4.0,2023-11-25,92.2,2.6,2023-11-18,1.8,2023-11-18,2.6,1.9,8.8,2023-11-06,15.2,2023-11-06,68,22,2023-11-25,2.9,8.5,-,-,4.8,1014.7,1022.2,1035.5,2023-11-25,1002.9,2023-11-06,10.4,4.1,8.3,0.4,20.5,2023-12-09,-10.5,2023-12-22,144.0,4.3,2023-12-24,4.3,2023-12-24,11.5,1.6,6.8,2023-12-16,14.5,2023-12-16,73,31,2023-12-04,-0.6,6.6,140.1,213.67,5.7,1017.2,1024.8,1039.4,2023-12-23,1006.0,2023-12-06,4.2
"울산",16.4,21.9,11.7,24.9,2023-10-18,6.3,2023-10-22,4.3,1.9,6.7,2023-10-20,13.2,2023-10-20,62,16,2023-10-31,8.4,11.3,229.8,459.24,3.5,1008.1,1017.7,1025.6,2023-10-12,1006.4,2023-10-14,18.8,10.4,16.1,5.2,27.6,2023-11-02,-2.6,2023-11-25,33.1,-,-,-,-,-,2.3,9.7,2023-11-06,17.3,2023-11-06,53,14,2023-11-26,0.3,7.4,209.2,347.51,2.6,1010.0,1019.8,1032.9,2023-11-25,1002.4,2023-11-06,10.5,4.9,9.6,0.6,19.7,2023-12-09,-8.2,2023-12-22,126.7,-,-,-,-,-,2.5,9.6,2023-12-08,14.7,2023-12-08,55,16,2023-12-07,-4.1,5.4,191.4,277.38,3.6,1013.0,1023.1,1036.1,2023-12-23,1005.7,2023-12-06,3.7
"창원",17.0,22.6,12.6,25.7,2023-10-14,7.6,2023-10-22,4.0,1.2,5.5,2023-10-05,10.1,2023-10-05,60,19,2023-10-05,8.6,11.4,229.7,437.82,3.5,1014.0,1018.1,1026.1,2023-10-12,1007.3,2023-10-14,18.9,10.3,15.7,5.5,26.6,2023-11-02,-2.0,2023-11-25,51.2,0.3,2023-11-18,0.3,2023-11-18,0.3,1.5,8.5,2023-11-06,17.6,2023-11-06,55,12,2023-11-25,0.8,7.8,204.8,317.48,2.7,1016.4,1020.7,1033.3,2023-11-25,1005.1,2023-11-06,10.1,4.7,9.6,0.3,20.3,2023-12-09,-9.9,2023-12-22,83.7,-,-,-,-,-,1.3,7.1,2023-12-23,12.2,2023-12-07,57,20,2023-12-05,-3.6,5.6,199.0,252.86,3.7,1019.3,1023.7,1037.5,2023-12-23,1006.6,2023-12-06,3.8
"광주",16.6,22.0,12.2,24.7,2023-10-02,7.3,2023-10-22,11.5,0.9,5.1,2023-10-05,9.8,2023-10-20,76,24,2023-10-31,11.8,14.1,231.7,483.80,4.0,1010.9,1019.2,1026.3,2023-10-12,1008.9,2023-10-14,19.8,9.9,14.9,5.4,27.0,2023-11-02,-1.8,2023-11-25,71.9,3.8,2023-11-18,3.3,2023-11-18,4.3,1.3,5.6,2023-11-06,12.9,2023-11-06,75,16,2023-11-25,5.1,10.0,-,-,4.8,1013.7,1022.2,1035.0,2023-11-25,1005.1,2023-11-06,10.8,4.8,9.0,1.2,20.3,2023-12-10,-9.6,2023-12-22,80.2,11.0,2023-12-17,11.0,2023-12-16,22.3,1.2,5.1,2023-12-08,10.6,2023-12-08,83,35,2023-12-04,1.8,7.7,125.6,-,6.0,1016.1,1024.9,1039.2,2023-12-23,1007.4,2023-12-06,5.9
"부산",18.3,23.3,14.9,26.5,2023-10-04,8.8,2023-10-21,4.2,2.8,9.3,2023-10-20,16.1,2023-10-21,51,17,2023-10-05,7.6,10.8,237.4,491.43,3.5,1009.3,1017.5,1024.9,2023-10-12,1007.0,2023-10-14,22.9,11.8,16.7,7.9,25.7,2023-11-03,-0.9,2023-11-25,28.5,0.3,2023-11-18,0.3,2023-11-18,0.3,3.5,13.3,2023-11-06,22.0,2023-11-07,49,9,2023-11-10,0.5,7.7,216.9,361.40,2.8,1011.5,1019.9,1032.4,2023-11-25,1005.3,2023-11-06,14.3,6.4,10.8,2.7,20.7,2023-12-09,-8.1,2023-12-22,102.8,0.0,2023-12-24,0.0,2023-12-24,0.0,3.2,10.7,2023-12-16,17.9,2023-12-16,52,19,2023-12-19,-3.3,5.7,195.9,298.41,3.8,1014.4,1023.0,1036.4,2023-12-23,1005.3,2023-12-06,8.9
"통영",17.5,23.0,13.4,26.8,2023-10-04,8.0,2023-10-21,4.1,2.1,10.3,2023-10-20,16.5,2023-10-20,66,20,2023-10-17,10.4,12.9,230.2,469.74,3.9,1014.6,1018.3,1025.8,2023-10-12,1007.8,2023-10-14,18.6,11.2,16.4,6.8,25.4,2023-11-03,-0.6,2023-11-25,47.8,-,-,-,-,-,2.7,12.2,2023-11-06,20.7,2023-11-06,62,16,2023-11-25,3.5,9.2,206.0,345.67,3.3,1017.2,1021.0,1033.4,2023-11-25,1006.1,2023-11-06,10.5,6.0,11.1,2.0,20.0,2023-12-10,-6.8,2023-12-22,67.2,-,-,-,-,-,2.7,11.4,2023-12-15,18.3,2023-12-15,64,22,2023-12-19,-0.8,6.6,189.1,285.73,4.2,1020.1,1024.0,1037.6,2023-12-23,1007.4,2023-12-06,4.8
"목포",17.3,21.2,13.9,24.1,2023-10-12,10.5,2023-10-18,7.1,3.3,13.9,2023-10-05,19.1,2023-10-05,71,31,2023-10-12,11.7,13.9,224.2,468.97,4.5,1013.9,1019.2,1026.0,2023-10-12,1009.5,2023-10-14,19.4,10.6,14.2,7.0,25.3,2023-11-02,-0.5,2023-11-26,75.7,-,-,-,-,-,4.6,17.0,2023-11-18,25.5,2023-11-18,71,30,2023-11-25,5.3,10.0,143.2,285.25,5.6,1016.7,1022.2,1034.7,2023-11-25,1005.2,2023-11-06,11.6,5.2,8.7,2.0,19.2,2023-12-09,-8.4,2023-12-22,66.0,22.2,2023-12-22,15.2,2023-12-21,38.6,3.6,12.5,2023-12-17,19.8,2023-12-16,78,40,2023-12-05,1.6,7.5,98.3,210.27,6.7,1019.2,1024.8,1038.9,2023-12-23,1007.8,2023-12-11,6.5
"여수",18.0,21.8,14.8,25.3,2023-10-04,9.3,2023-10-21,3.1,3.3,11.9,2023-10-20,21.1,2023-10-20,61,23,2023-10-05,9.7,12.3,241.6,472.82,3.7,1010.7,1018.5,1026.0,2023-10-12,1008.0,2023-10-14,19.7,10.9,15.1,7.5,24.0,2023-11-03,-1.0,2023-11-25,45.5,-,-,-,-,-,4.1,21.4,2023-11-06,33.3,2023-11-06,62,21,2023-11-13,3.5,9.1,204.6,350.79,3.4,1013.3,1021.3,1033.6,2023-11-25,1003.9,2023-11-06,11.1,5.7,9.5,2.6,18.2,2023-12-09,-7.5,2023-12-22,71.1,0.2,2023-12-24,0.2,2023-12-24,0.4,3.9,14.5,2023-12-31,21.7,2023-12-31,65,27,2023-12-05,-0.6,6.6,182.6,281.54,4.7,1016.0,1024.2,1038.0,2023-12-22,1007.7,2023-12-06,5.8
"흑산도",17.7,21.0,15.4,23.7,2023-10-19,12.4,2023-10-20,12.7,4.6,16.7,2023-10-05,22.1,2023-10-05,77,44,2023-10-27,13.3,15.5,215.7,430.76,4.6,1010.2,1019.0,1025.6,2023-10-12,1009.5,2023-10-14,18.5,11.6,14.5,9.0,24.0,2023-11-02,2.3,2023-11-30,90.3,-,-,-,-,-,6.2,20.6,2023-11-06,29.4,2023-11-18,75,37,2023-11-26,7.2,11.0,115.3,232.82,6.5,1012.6,1021.7,1034.1,2023-11-25,1003.5,2023-11-06,11.9,7.0,9.6,4.7,19.0,2023-12-09,-3.6,2023-12-21,71.8,5.4,2023-12-22,2.9,2023-12-21,10.3,6.0,16.6,2023-12-22,22.2,2023-12-16,78,45,2023-12-07,3.3,8.3,77.0,178.75,7.7,1014.9,1024.2,1037.7,2023-12-23,1007.8,2023-12-11,7.1
"완도",17.8,22.7,13.7,25.4,2023-10-04,9.7,2023-10-21,8.1,1.6,6.9,2023-10-16,11.5,2023-10-20,69,28,2023-10-31,11.5,13.8,234.2,-,4.0,1014.9,1019.1,1026.1,2023-10-12,1009.3,2023-10-14,19.7,11.3,15.9,7.1,26.3,2023-11-03,-0.5,2023-11-26,110.1,-,-,-,-,-,2.3,10.7,2023-11-05,15.7,2023-11-05,70,22,2023-11-26,5.6,10.2,166.8,-,5.3,1017.8,1022.1,1034.3,2023-11-25,1006.3,2023-11-06,10.0,6.4,10.3,2.6,20.3,2023-12-08,-6.3,2023-12-22,78.7,-,-,-,-,-,2.1,10.4,2023-12-16,19.4,2023-12-16,75,36,2023-12-07,2.1,7.8,-,-,6.1,1020.2,1024.5,1038.9,2023-12-22,1008.8,2023-12-06,4.8
"고창",15.1,21.7,9.5,25.0,2023-10-12,4.4,2023-10-22,14.1,2.0,9.1,2023-10-20,16.6,2023-10-20,77,28,2023-10-18,10.3,12.7,213.2,459.88,4.6,1012.9,1019.1,1026.0,2023-10-12,1008.9,2023-10-14,17.8,9.0,14.0,4.1,26.5,2023-11-02,-3.7,2023-11-26,70.2,-,-,-,-,-,3.5,13.4,2023-11-18,22.2,2023-11-18,71,16,2023-11-25,3.5,8.9,138.0,283.07,5.5,1015.7,1022.1,1035.2,2023-11-25,1003.4,2023-11-06,9.9,3.4,8.0,-0.8,19.7,2023-12-08,-11.9,2023-12-23,109.9,-,-,-,-,-,2.8,11.3,2023-12-31,16.8,2023-12-31,79,36,2023-12-07,-0.2,6.7,92.6,194.62,6.3,1018.1,1024.7,1039.1,2023-12-23,1007.5,2023-12-06,5.4
"순천",13.9,21.3,8.0,24.2,2023-10-02,2.8,2023-10-22,8.6,1.4,7.7,2023-10-20,18.8,2023-10-20,78,23,2023-10-31,9.4,12.0,217.6,-,4.6,998.9,1018.5,1026.1,2023-10-12,1007.6,2023-10-14,16.7,7.8,14.6,2.2,28.3,2023-11-02,-4.8,2023-11-26,104.8,-,-,-,-,-,2.3,8.9,2023-11-06,18.9,2023-11-06,74,18,2023-11-20,2.7,8.4,174.5,-,4.3,1001.1,1021.3,1033.6,2023-11-25,1004.7,2023-11-06,9.6,3.0,8.8,-2.0,20.5,2023-12-09,-10.3,2023-12-22,65.1,-,-,-,-,-,2.0,8.6,2023-12-16,17.6,2023-12-06,78,22,2023-12-04,-0.9,6.4,139.8,-,4.9,1003.5,1024.0,1038.2,2023-12-23,1006.9,2023-12-06,4.4
"홍성",15.2,21.4,9.3,25.0,2023-10-04,3.5,2023-10-22,7.7,1.3,5.9,2023-10-20,10.2,2023-10-20,78,25,2023-10-21,10.4,12.9,229.4,420.75,4.5,1016.0,1019.3,1027.3,2023-10-12,1008.2,2023-10-14,17.9,8.0,12.7,3.3,24.6,2023-11-02,-4.9,2023-11-25,96.0,5.4,2023-11-18,2.8,2023-11-17,5.6,1.8,9.5,2023-11-06,15.7,2023-11-06,74,24,2023-11-25,3.1,8.9,166.4,262.70,5.0,1018.8,1022.2,1036.5,2023-11-25,1001.4,2023-11-06,8.8,2.2,6.6,-1.9,17.8,2023-12-09,-14.7,2023-12-23,132.7,17.9,2023-12-21,14.9,2023-12-21,50.3,1.4,7.0,2023-12-16,13.8,2023-12-16,83,36,2023-12-23,-0.7,6.5,111.6,181.53,6.2,1021.6,1025.1,1040.1,2023-12-23,1005.2,2023-12-06,3.8
"서청주",13.6,20.9,7.3,24.2,2023-10-04,1.3,2023-10-22,12.7,1.3,9.5,2023-10-20,14.3,2023-10-20,77,27,2023-10-02,9.0,11.7,201.7,453.18,4.1,1015.2,1019.0,1027.4,2023-10-12,1007.7,2023-10-14,16.6,6.5,12.5,0.7,25.6,2023-11-02,-7.5,2023-11-25,42.2,1.4,2023-11-18,-,-,-,1.8,10.3,2023-11-23,16.0,2023-11-06,70,18,2023-11-25,0.9,7.5,-,-,3.8,1018.0,1021.9,1036.1,2023-11-25,1001.1,2023-11-06,8.4,0.8,5.8,-4.0,18.7,2023-12-09,-15.0,2023-12-22,98.3,4.7,2023-12-17,-,-,-,1.4,7.5,2023-12-08,16.0,2023-12-16,77,33,2023-12-03,-3.1,5.5,122.2,223.00,4.8,1020.8,1024.9,1039.8,2023-12-23,1005.2,2023-12-06,3.1
"제주",19.4,23.1,16.4,26.1,2023-10-19,13.3,2023-10-24,36.0,3.0,9.8,2023-10-20,15.7,2023-10-20,60,28,2023-10-02,11.2,13.5,228.5,464.83,4.5,1016.4,1018.8,1025.3,2023-10-22,1009.9,2023-10-14,21.4,13.7,17.4,10.4,28.4,2023-11-01,4.6,2023-11-26,69.1,-,-,-,-,-,3.9,12.6,2023-11-18,22.9,2023-11-18,60,19,2023-11-01,5.9,9.9,-,-,6.0,1019.4,1021.9,1033.6,2023-11-25,1004.4,2023-11-06,13.1,9.4,12.9,6.6,23.1,2023-12-10,-0.6,2023-12-22,73.9,12.2,2023-12-22,8.3,2023-12-22,15.4,4.0,11.7,2023-12-16,21.0,2023-12-16,66,29,2023-12-08,3.1,8.1,-,-,7.1,1021.7,1024.2,1038.0,2023-12-22,1008.0,2023-12-11,8.4
"고산",19.0,22.1,16.6,25.7,2023-10-26,13.9,2023-10-28,2.8,5.5,18.0,2023-10-20,22.9,2023-10-20,65,24,2023-10-12,12.1,14.3,234.4,495.63,3.9,1010.2,1018.5,1025.2,2023-10-23,1009.9,2023-10-14,21.5,13.7,16.5,10.9,25.5,2023-11-04,4.8,2023-11-30,44.6,-,-,-,-,-,9.0,30.0,2023-11-17,37.1,2023-11-17,69,44,2023-11-17,8.0,11.6,136.3,291.43,6.0,1013.0,1021.6,1033.2,2023-11-25,1006.6,2023-11-06,14.0,9.6,12.2,7.1,22.0,2023-12-10,-0.6,2023-12-21,74.0,-,-,-,-,-,8.9,27.5,2023-12-16,33.2,2023-12-16,73,39,2023-12-07,4.7,9.1,79.2,187.10,7.2,1015.2,1023.9,1037.4,2023-12-22,1008.8,2023-12-11,9.0
"성산",18.4,22.8,14.8,26.5,2023-10-19,10.7,2023-10-22,40.5,2.4,8.5,2023-10-16,13.9,2023-10-27,68,30,2023-10-21,12.1,14.3,214.1,-,4.0,1016.5,1018.9,1025.6,2023-10-23,1009.8,2023-10-14,19.8,13.0,17.5,8.7,27.3,2023-11-03,3.6,2023-11-26,64.1,-,-,-,-,-,2.9,11.5,2023-11-06,20.4,2023-11-06,70,34,2023-11-20,7.4,11.2,157.6,-,5.6,1019.5,1022.0,1033.2,2023-11-25,1007.0,2023-11-06,11.8,8.7,12.3,5.5,22.4,2023-12-09,-2.0,2023-12-21,73.2,-,-,-,-,-,2.9,11.0,2023-12-11,19.8,2023-12-11,76,37,2023-12-07,4.4,9.0,81.3,-,6.9,1021.9,1024.4,1037.9,2023-12-22,1008.3,2023-12-11,7.5
"서귀포",19.9,23.7,16.6,26.3,2023-10-04,13.6,2023-10-22,5.9,1.7,5.9,2023-10-08,10.2,2023-10-08,59,14,2023-10-27,11.2,13.6,252.3,-,3.6,1012.5,1018.6,1025.6,2023-10-23,1009.4,2023-10-14,21.9,14.5,18.0,11.2,25.7,2023-11-03,4.7,2023-11-25,45.2,-,-,-,-,-,1.6,9.9,2023-11-06,17.5,2023-11-06,66,37,2023-11-23,8.0,11.6,198.4,-,4.9,1015.5,1021.7,1031.9,2023-11-25,1007.1,2023-11-06,14.2,9.9,13.4,6.9,22.4,2023-12-10,-1.5,2023-12-22,74.7,5.7,2023-12-22,4.1,2023-12-22,8.7,1.6,6.4,2023-12-20,13.9,2023-12-20,69,36,2023-12-07,4.2,9.0,133.8,-,6.5,1017.8,1024.2,1037.6,2023-12-22,1009.1,2023-12-11,9.7
"진주",15.1,22.7,9.0,25.7,2023-10-04,3.1,2023-10-22,7.1,0.7,4.6,2023-10-27,9.4,2023-10-20,74,21,2023-10-05,9.8,12.4,237.2,468.83,4.0,1015.3,1018.8,1026.9,2023-10-12,1008.0,2023-10-14,17.5,9.0,16.0,2.6,27.8,2023-11-02,-3.8,2023-11-26,65.1,-,-,-,-,-,1.1,7.2,2023-11-06,13.3,2023-11-18,67,13,2023-11-25,2.3,8.4,205.7,347.90,3.1,1017.8,1021.4,1034.4,2023-11-25,1005.3,2023-11-06,10.3,3.5,10.2,-2.1,20.8,2023-12-09,-10.7,2023-12-22,98.7,-,-,-,-,-,0.8,5.8,2023-12-16,11.9,2023-12-16,70,23,2023-12-05,-2.0,6.1,186.1,281.75,3.9,1020.7,1024.4,1038.7,2023-12-23,1007.3,2023-12-06,4.2
"강화",14.3,19.9,9.1,23.4,2023-10-01,3.0,2023-10-22,59.6,1.4,6.2,2023-10-19,13.6,2023-10-21,77,26,2023-10-02,9.6,12.4,213.2,-,3.7,1013.9,1019.6,1027.9,2023-10-12,1009.2,2023-10-14,15.5,5.8,10.4,1.5,22.6,2023-11-02,-7.6,2023-11-25,86.1,-,-,-,-,-,2.1,11.1,2023-11-06,19.2,2023-11-07,71,25,2023-11-25,0.5,7.7,161.7,-,4.2,1016.6,1022.5,1036.8,2023-11-25,999.9,2023-11-06,6.7,-0.1,4.2,-4.7,15.5,2023-12-08,-16.1,2023-12-22,89.0,-,-,-,-,-,1.9,8.3,2023-12-08,17.9,2023-12-16,74,21,2023-12-10,-4.5,5.1,-,-,5.0,1019.6,1025.7,1040.5,2023-12-23,1005.4,2023-12-06,1.1
"양평",13.5,19.7,9.0,24.3,2023-10-02,2.5,2023-10-22,53.9,0.8,6.3,2023-10-04,11.0,2023-10-04,79,20,2023-10-11,9.2,11.9,177.3,-,4.6,1013.7,1019.3,1028.3,2023-10-12,1008.6,2023-10-14,15.7,6.3,11.5,1.4,26.3,2023-11-02,-6.4,2023-11-30,89.9,-,-,-,-,-,1.4,8.1,2023-11-06,16.3,2023-11-06,65,19,2023-11-25,-0.4,7.0,159.3,-,3.5,1016.1,1021.9,1036.3,2023-11-25,999.8,2023-11-06,6.6,0.2,5.2,-4.1,17.1,2023-12-08,-14.3,2023-12-23,95.6,-,-,-,-,-,1.1,6.8,2023-12-16,14.2,2023-12-16,72,29,2023-12-01,-4.7,5.0,135.7,-,4.0,1019.3,1025.3,1040.5,2023-12-23,1005.4,2023-12-06,0.9
"이천",13.3,20.4,7.8,24.3,2023-10-02,0.8,2023-10-22,38.7,0.6,3.7,2023-10-20,9.2,2023-10-26,82,30,2023-10-20,9.6,12.2,160.1,-,4.5,1010.4,1020.0,1028.7,2023-10-12,1009.5,2023-10-14,15.7,6.2,12.3,0.6,26.9,2023-11-02,-7.2,2023-11-25,95.1,-,-,-,-,-,1.2,6.4,2023-11-06,14.8,2023-11-06,69,21,2023-11-11,0.4,7.5,155.3,-,3.4,1012.8,1022.7,1036.9,2023-11-25,1001.2,2023-11-06,6.9,0.0,5.2,-5.0,17.9,2023-12-08,-15.1,2023-12-23,99.7,-,-,-,-,-,0.9,5.4,2023-12-16,12.9,2023-12-16,76,26,2023-12-01,-4.1,5.2,121.5,-,4.0,1015.8,1026.0,1041.1,2023-12-23,1005.9,2023-12-06,1.2
"인제",12.3,19.5,7.5,23.1,2023-10-02,0.7,2023-10-21,6.7,1.0,5.4,2023-10-20,12.1,2023-10-20,80,23,2023-10-20,8.2,11.1,155.3,-,4.9,995.4,1019.6,1029.1,2023-10-12,1008.5,2023-10-15,15.5,5.6,11.0,0.5,24.5,2023-11-02,-8.2,2023-11-30,84.9,-,-,-,-,-,1.6,8.1,2023-11-06,19.4,2023-11-06,65,21,2023-11-25,-1.1,6.7,139.7,-,3.4,996.5,1021.3,1036.7,2023-11-25,997.7,2023-11-06,7.2,-1.0,4.1,-5.7,16.9,2023-12-09,-15.4,2023-12-23,60.1,-,-,-,-,-,1.6,7.0,2023-12-11,15.4,2023-12-11,73,32,2023-12-03,-5.7,4.6,96.3,-,4.5,999.8,1025.4,1040.5,2023-12-23,1004.9,2023-12-06,0.9
"홍천",12.3,19.5,7.5,23.2,2023-10-01,0.5,2023-10-21,35.3,0.7,5.0,2023-10-20,10.3,2023-10-20,80,25,2023-10-20,8.3,11.2,146.4,-,4.7,1003.0,1019.8,1029.1,2023-10-12,1009.0,2023-10-14,15.1,4.9,11.0,-0.1,25.1,2023-11-02,-7.9,2023-11-25,89.9,-,-,-,-,-,1.0,5.7,2023-11-28,13.1,2023-11-23,69,20,2023-11-25,-1.1,6.7,131.1,-,3.4,1004.8,1022.2,1037.3,2023-11-25,999.1,2023-11-06,5.7,-1.1,4.3,-5.6,16.3,2023-12-09,-16.0,2023-12-23,97.1,-,-,-,-,-,0.8,6.0,2023-12-16,14.1,2023-12-16,74,25,2023-12-01,-5.5,4.7,107.3,-,4.0,1008.1,1025.9,1041.4,2023-12-23,1005.7,2023-12-06,-0.1
"태백",10.3,17.3,4.3,21.5,2023-10-18,-1.3,2023-10-21,16.9,1.0,4.8,2023-10-10,11.1,2023-10-20,73,19,2023-10-18,4.8,8.9,187.1,-,4.1,936.0,1018.9,1029.3,2023-10-12,1006.9,2023-10-14,11.6,4.5,10.1,-0.9,22.7,2023-11-02,-10.7,2023-11-30,49.5,-,-,-,-,-,1.6,9.9,2023-11-06,17.4,2023-11-06,56,6,2023-11-25,-4.6,5.4,160.5,-,3.2,935.1,1020.0,1035.6,2023-11-25,999.3,2023-11-06,3.5,-1.9,2.7,-6.9,14.5,2023-12-09,-17.3,2023-12-22,121.7,-,-,-,-,-,1.4,6.9,2023-12-08,13.2,2023-12-08,66,15,2023-12-04,-8.0,4.0,136.7,-,3.7,936.7,1024.0,1037.4,2023-12-23,1003.9,2023-12-06,-1.4
"정선군",11.4,20.5,5.6,24.2,2023-10-12,-1.8,2023-10-22,25.1,1.1,6.0,2023-10-20,11.3,2023-10-20,75,22,2023-10-20,6.5,9.9,-,-,4.8,982.5,1019.6,1029.4,2023-10-12,1007.2,2023-10-14,13.4,4.6,11.9,-2.0,25.8,2023-11-02,-10.6,2023-11-25,58.2,-,-,-,-,-,1.6,6.4,2023-11-28,16.6,2023-11-24,61,15,2023-11-23,-3.1,5.9,-,-,3.6,983.2,1021.4,1036.8,2023-11-25,999.6,2023-11-06,4.5,-2.0,4.5,-7.6,17.6,2023-12-09,-17.2,2023-12-23,99.2,-,-,-,-,-,1.4,7.2,2023-12-16,18.9,2023-12-16,66,21,2023-12-01,-8.0,4.0,134.5,-,4.1,986.2,1025.5,1041.0,2023-12-23,1005.5,2023-12-06,-1.5
"제천",11.3,19.0,5.4,22.4,2023-10-02,-0.9,2023-10-21,33.8,0.9,5.7,2023-10-21,11.8,2023-10-20,83,22,2023-10-31,7.9,10.9,195.2,-,4.7,988.0,1019.6,1028.6,2023-10-12,1007.6,2023-10-14,13.8,4.7,10.9,-1.4,24.8,2023-11-02,-9.2,2023-11-25,49.8,-,-,-,-,-,1.5,7.8,2023-11-06,16.6,2023-11-06,72,21,2023-11-23,-0.7,6.8,185.3,-,3.7,989.4,1021.9,1036.4,2023-11-25,1001.2,2023-11-06,5.4,-1.3,4.1,-6.4,16.9,2023-12-09,-16.2,2023-12-23,105.5,-,-,-,-,-,1.4,7.8,2023-12-16,15.7,2023-12-16,76,30,2023-12-17,-5.3,4.8,154.1,-,4.0,992.0,1025.3,1040.8,2023-12-23,1005.9,2023-12-06,-0.2
"보은",12.9,20.4,7.1,22.7,2023-10-18,0.7,2023-10-21,14.5,0.8,6.1,2023-10-20,11.5,2023-10-20,80,22,2023-10-31,8.7,11.5,210.2,-,4.4,998.7,1019.2,1027.7,2023-10-12,1007.3,2023-10-14,14.8,6.2,12.5,0.4,26.0,2023-11-02,-7.7,2023-11-25,39.6,-,-,-,-,-,1.4,7.5,2023-11-06,16.1,2023-11-06,73,20,2023-11-25,1.0,7.5,175.4,-,3.7,1000.9,1021.9,1036.0,2023-11-25,1001.9,2023-11-06,7.7,1.0,6.4,-3.9,19.1,2023-12-09,-13.7,2023-12-23,108.1,-,-,-,-,-,1.2,7.3,2023-12-16,15.6,2023-12-16,77,30,2023-12-04,-3.0,5.5,-,-,4.0,1003.4,1024.9,1040.1,2023-12-23,1006.1,2023-12-06,3.4
"천안",13.7,20.6,8.1,23.6,2023-10-04,1.6,2023-10-22,28.7,0.9,5.2,2023-10-05,12.9,2023-10-05,78,26,2023-10-12,9.1,11.8,202.4,-,4.3,1009.2,1019.4,1027.7,2023-10-12,1008.0,2023-10-14,16.7,6.7,12.5,1.3,25.8,2023-11-02,-7.4,2023-11-25,56.9,-,-,-,-,-,1.4,8.1,2023-11-06,17.8,2023-11-06,72,18,2023-11-25,1.4,7.8,-,-,4.0,1011.8,1022.2,1036.4,2023-11-25,1001.2,2023-11-06,8.3,1.2,6.2,-3.5,19.1,2023-12-09,-14.7,2023-12-23,89.5,-,-,-,-,-,1.3,6.6,2023-12-11,14.7,2023-12-16,77,31,2023-12-04,-2.7,5.7,-,-,4.5,1014.5,1025.2,1040.4,2023-12-23,1005.3,2023-12-06,3.2
"보령",15.9,21.2,11.5,25.8,2023-10-04,5.7,2023-10-21,25.5,1.1,5.7,2023-10-19,9.0,2023-10-01,72,26,2023-10-12,10.3,12.8,228.7,-,4.1,1017.3,1018.5,1026.0,2023-10-12,1007.8,2023-10-14,18.0,8.9,13.3,4.7,24.2,2023-11-05,-3.3,2023-11-30,65.2,-,-,-,-,-,2.1,12.1,2023-11-06,17.8,2023-11-06,68,17,2023-11-25,2.9,8.6,144.3,-,5.5,1020.2,1021.4,1035.0,2023-11-25,1000.5,2023-11-06,10.2,3.6,7.4,0.0,18.1,2023-12-09,-11.3,2023-12-22,112.5,-,-,-,-,-,1.8,9.5,2023-12-08,16.0,2023-12-08,74,30,2023-12-04,-0.8,6.5,103.6,-,6.8,1022.7,1024.0,1038.5,2023-12-23,1005.6,2023-12-06,5.8
"부여",14.5,21.9,9.1,24.9,2023-10-04,2.6,2023-10-21,16.7,0.8,7.2,2023-10-21,11.4,2023-10-21,80,28,2023-10-05,10.2,12.7,202.8,-,4.3,1017.5,1019.1,1027.0,2023-10-12,1008.1,2023-10-14,17.7,7.5,13.5,2.4,25.7,2023-11-02,-5.2,2023-11-25,58.1,-,-,-,-,-,1.3,7.4,2023-11-06,17.4,2023-11-06,75,21,2023-11-25,2.8,8.5,-,-,4.2,1020.4,1022.1,1036.0,2023-11-25,1002.0,2023-11-06,9.5,2.3,7.4,-1.9,19.8,2023-12-09,-13.0,2023-12-22,122.2,-,-,-,-,-,1.1,6.2,2023-12-16,11.0,2023-12-16,81,34,2023-12-04,-1.0,6.4,-,-,5.1,1023.2,1024.9,1039.8,2023-12-23,1005.9,2023-12-06,4.2
"금산",13.1,20.9,7.5,24.3,2023-10-18,1.6,2023-10-21,7.6,0.8,4.4,2023-10-20,10.1,2023-10-20,78,18,2023-10-31,8.6,11.4,197.4,-,4.2,998.6,1019.1,1027.7,2023-10-12,1007.4,2023-10-14,16.5,6.6,13.0,0.8,26.7,2023-11-02,-7.0,2023-11-25,60.0,-,-,-,-,-,1.3,7.8,2023-11-06,16.0,2023-11-06,73,19,2023-11-25,1.3,7.6,-,-,4.1,1000.8,1021.9,1035.8,2023-11-25,1001.9,2023-11-06,8.8,1.5,7.1,-3.3,19.4,2023-12-09,-14.5,2023-12-22,127.7,-,-,-,-,-,1.0,6.4,2023-12-16,14.4,2023-12-16,78,29,2023-12-04,-2.2,5.8,136.7,-,4.5,1003.1,1024.8,1040.6,2023-12-23,1005.7,2023-12-06,3.2
"세종",14.8,21.2,9.9,24.2,2023-10-04,3.7,2023-10-21,5.3,1.2,7.1,2023-10-20,13.2,2023-10-20,74,28,2023-10-05,9.5,12.1,198.4,428.58,4.2,1008.4,1019.1,1027.4,2023-10-12,1007.3,2023-10-14,17.4,7.6,13.0,2.8,25.9,2023-11-02,-5.6,2023-11-30,40.0,-,-,-,-,-,1.6,7.1,2023-11-29,14.5,2023-11-06,68,18,2023-11-25,1.6,7.9,158.4,285.43,4.1,1011.0,1022.0,1036.1,2023-11-25,1001.3,2023-11-06,8.4,2.3,6.7,-1.6,19.2,2023-12-09,-13.0,2023-12-22,112.3,-,-,-,-,-,1.4,6.1,2023-12-16,12.5,2023-12-16,75,35,2023-12-03,-2.0,6.0,115.5,213.06,4.6,1013.7,1025.0,1039.9,2023-12-23,1005.0,2023-12-06,2.9
"부안",16.0,21.7,11.3,24.7,2023-10-11,6.0,2023-10-22,13.3,1.1,5.8,2023-10-21,12.5,2023-10-20,74,26,2023-10-01,10.8,13.2,221.9,-,4.4,1017.7,1019.1,1026.6,2023-10-12,1008.7,2023-10-14,18.0,9.2,14.1,4.6,26.7,2023-11-02,-2.5,2023-11-25,104.7,-,-,-,-,-,1.7,8.7,2023-11-06,15.7,2023-11-06,73,24,2023-11-25,4.3,9.3,139.5,-,5.5,1020.6,1022.1,1035.5,2023-11-25,1003.0,2023-11-06,9.9,3.9,8.2,0.1,19.9,2023-12-08,-11.5,2023-12-22,136.2,-,-,-,-,-,1.5,7.7,2023-12-08,13.9,2023-12-16,80,37,2023-12-05,0.6,7.1,91.1,-,6.6,1023.2,1024.7,1039.2,2023-12-23,1006.6,2023-12-06,5.2
"임실",13.6,21.1,7.7,23.9,2023-10-02,2.0,2023-10-22,11.1,0.8,4.8,2023-10-21,11.9,2023-10-20,77,18,2023-10-31,8.8,11.5,211.8,-,4.5,989.8,1019.0,1026.9,2023-10-12,1007.7,2023-10-14,15.7,7.2,13.5,1.5,25.8,2023-11-02,-4.6,2023-11-25,91.5,-,-,-,-,-,1.2,7.1,2023-11-06,16.0,2023-11-06,73,15,2023-11-25,2.2,8.0,147.1,-,4.6,991.9,1021.9,1034.9,2023-11-25,1004.0,2023-11-06,8.1,2.5,7.6,-2.0,19.6,2023-12-10,-12.4,2023-12-21,129.8,-,-,-,-,-,1.0,5.9,2023-12-08,11.5,2023-12-31,79,22,2023-12-04,-1.1,6.3,117.6,-,4.9,993.9,1024.6,1039.6,2023-12-23,1006.1,2023-12-06,3.7
"정읍",15.6,21.7,10.7,25.5,2023-10-11,5.6,2023-10-21,16.7,1.2,7.7,2023-10-05,13.0,2023-10-20,71,21,2023-10-31,9.7,12.2,229.9,-,4.2,1011.0,1019.2,1026.4,2023-10-12,1008.7,2023-10-14,17.4,9.0,13.9,4.1,26.8,2023-11-02,-3.1,2023-11-25,90.9,-,-,-,-,-,1.9,11.5,2023-11-06,18.6,2023-11-06,69,25,2023-11-25,3.1,8.5,153.0,-,4.8,1013.7,1022.1,1035.3,2023-11-25,1002.7,2023-11-06,8.9,3.8,8.0,0.1,19.5,2023-12-09,-11.4,2023-12-22,124.0,-,-,-,-,-,1.5,8.4,2023-12-08,12.8,2023-12-17,75,33,2023-12-05,-0.4,6.6,117.3,-,5.6,1016.1,1024.7,1039.2,2023-12-22,1006.3,2023-12-06,4.2
"남원",14.5,21.7,8.7,24.8,2023-10-02,3.1,2023-10-22,9.9,1.4,7.7,2023-10-20,14.4,2023-10-20,73,19,2023-10-31,9.0,11.7,221.4,-,4.6,1003.7,1019.6,1027.2,2023-10-12,1008.7,2023-10-14,17.6,7.6,13.9,2.0,26.7,2023-11-02,-5.0,2023-11-25,83.5,-,-,-,-,-,1.4,9.1,2023-11-06,18.0,2023-11-06,73,16,2023-11-25,2.3,8.1,-,-,4.4,1006.6,1023.0,1035.3,2023-11-25,1004.5,2023-11-06,9.3,2.9,8.0,-1.4,19.8,2023-12-10,-11.4,2023-12-22,106.8,-,-,-,-,-,1.4,6.2,2023-12-08,12.3,2023-12-06,76,26,2023-12-05,-1.2,6.2,133.1,-,5.4,1008.6,1025.3,1040.1,2023-12-23,1006.6,2023-12-06,3.8
"장수",12.0,20.0,5.8,23.1,2023-10-04,0.3,2023-10-22,15.9,1.1,7.3,2023-10-20,13.6,2023-10-20,78,19,2023-10-31,7.5,10.6,201.6,-,4.5,971.7,1019.6,1028.0,2023-10-12,1007.9,2023-10-14,14.9,6.0,12.3,0.0,25.1,2023-11-02,-6.9,2023-11-25,94.8,-,-,-,-,-,1.7,9.5,2023-11-06,18.8,2023-11-06,73,13,2023-11-21,0.9,7.4,156.0,-,4.3,973.1,1022.3,1035.7,2023-11-25,1004.0,2023-11-06,7.9,1.1,6.7,-3.9,17.2,2023-12-10,-14.2,2023-12-21,-,-,-,-,-,-,1.4,8.9,2023-12-15,16.6,2023-12-16,78,16,2023-12-05,-2.6,5.7,-,-,5.1,974.8,1025.1,1040.5,2023-12-23,1005.9,2023-12-06,3.5
"고창군",15.3,21.9,9.9,24.6,2023-10-11,4.9,2023-10-21,11.5,1.1,7.1,2023-10-20,12.0,2023-10-20,75,19,2023-10-31,10.4,12.8,206.1,451.45,4.2,1011.9,1018.9,1025.9,2023-10-12,1008.6,2023-10-14,18.8,9.0,14.1,4.1,26.8,2023-11-02,-3.0,2023-11-26,67.5,-,-,-,-,-,2.0,8.8,2023-11-18,19.6,2023-11-18,72,25,2023-11-08,3.8,9.0,130.5,278.41,4.9,1014.8,1022.0,1035.3,2023-11-25,1003.4,2023-11-06,11.4,3.6,8.0,-0.3,19.7,2023-12-09,-10.9,2023-12-23,110.8,-,-,-,-,-,1.5,7.1,2023-12-08,13.6,2023-12-08,80,35,2023-12-04,0.2,6.9,84.6,191.38,5.5,1017.3,1024.7,1039.3,2023-12-22,1007.1,2023-12-06,6.3
"영광군",15.7,21.5,10.5,24.6,2023-10-02,5.0,2023-10-22,15.2,1.2,7.6,2023-10-05,12.5,2023-10-20,75,28,2023-10-02,10.6,13.0,213.2,448.51,4.6,1014.9,1019.3,1026.3,2023-10-12,1009.2,2023-10-14,18.6,9.4,14.1,4.6,25.8,2023-11-02,-3.1,2023-11-26,61.1,-,-,-,-,-,2.1,9.3,2023-11-18,18.4,2023-11-18,70,21,2023-11-25,3.8,9.1,133.5,264.78,5.9,1017.8,1022.4,1035.6,2023-11-25,1003.8,2023-11-06,10.5,3.7,8.1,-0.4,19.2,2023-12-09,-11.3,2023-12-22,95.7,-,-,-,-,-,1.6,7.4,2023-12-16,13.9,2023-12-08,79,41,2023-12-07,0.3,6.9,89.7,162.98,7.0,1020.4,1025.1,1039.6,2023-12-23,1008.1,2023-12-06,4.9
"김해시",17.1,23.8,12.2,26.5,2023-10-14,7.2,2023-10-22,3.8,1.2,7.3,2023-10-21,14.2,2023-10-20,65,21,2023-10-31,9.7,12.3,221.6,450.08,4.0,1012.2,1018.7,1026.5,2023-10-12,1007.8,2023-10-14,19.4,10.6,16.8,5.4,28.0,2023-11-02,-2.1,2023-11-25,64.8,-,-,-,-,-,1.9,9.2,2023-11-06,18.3,2023-11-06,58,16,2023-11-25,1.9,8.4,204.9,334.77,3.0,1014.5,1021.2,1033.9,2023-11-25,1005.8,2023-11-06,11.2,5.0,10.6,0.4,21.4,2023-12-10,-9.4,2023-12-22,80.0,-,-,-,-,-,1.7,10.2,2023-12-16,18.0,2023-12-16,60,16,2023-12-05,-2.6,6.0,193.9,270.49,3.8,1017.5,1024.3,1038.2,2023-12-23,1007.1,2023-12-06,5.2
"순창군",14.2,21.6,8.7,24.6,2023-10-12,2.6,2023-10-22,9.1,1.2,9.7,2023-10-20,17.1,2023-10-20,78,23,2023-10-31,9.6,12.1,196.0,448.65,4.6,1003.9,1019.3,1026.8,2023-10-12,1008.4,2023-10-14,17.9,7.7,13.9,2.2,25.7,2023-11-02,-4.2,2023-11-26,83.3,-,-,-,-,-,1.8,11.0,2023-11-06,19.5,2023-11-06,75,20,2023-11-11,3.0,8.5,151.0,301.80,4.5,1006.4,1022.3,1035.0,2023-11-25,1004.6,2023-11-06,8.8,2.7,7.9,-1.7,19.5,2023-12-10,-11.6,2023-12-23,119.7,-,-,-,-,-,1.4,7.3,2023-12-01,15.0,2023-12-06,82,34,2023-12-05,-0.3,6.7,111.7,224.51,5.3,1008.8,1025.0,1039.7,2023-12-23,1006.4,2023-12-06,3.8
"북창원",17.4,23.0,12.7,25.8,2023-10-01,7.1,2023-10-22,5.0,1.4,7.9,2023-10-05,13.7,2023-10-20,66,24,2023-10-31,10.3,12.8,-,-,4.0,1012.2,1018.2,1026.3,2023-10-12,1007.2,2023-10-14,17.7,11.0,16.7,5.9,27.7,2023-11-02,-1.3,2023-11-18,56.2,-,-,-,-,-,1.7,8.7,2023-11-18,16.6,2023-11-06,61,16,2023-11-25,3.1,9.0,170.9,324.89,3.2,1014.6,1020.8,1033.6,2023-11-25,1004.8,2023-11-06,10.4,5.6,10.6,1.2,20.8,2023-12-09,-8.1,2023-12-22,79.3,-,-,-,-,-,1.7,8.1,2023-12-16,15.3,2023-12-16,63,23,2023-12-19,-1.4,6.4,157.9,259.59,3.7,1017.5,1023.9,1038.1,2023-12-23,1006.6,2023-12-15,4.3
"양산시",17.2,23.9,11.9,27.3,2023-10-04,6.2,2023-10-22,2.6,1.5,6.2,2023-10-21,12.1,2023-10-20,66,21,2023-10-05,10.0,12.6,218.8,449.88,3.8,1016.9,1017.7,1025.6,2023-10-12,1006.7,2023-10-14,17.5,11.1,17.2,5.7,27.3,2023-11-02,-1.7,2023-11-25,62.2,-,-,-,-,-,2.0,9.3,2023-11-06,18.9,2023-11-06,60,15,2023-11-25,2.6,8.7,193.7,335.28,3.0,1019.3,1020.1,1032.8,2023-11-25,1004.1,2023-11-06,9.1,5.2,11.0,0.6,20.5,2023-12-09,-7.1,2023-12-22,87.2,-,-,-,-,-,2.1,8.4,2023-12-16,16.5,2023-12-12,62,18,2023-12-19,-2.3,6.1,168.6,266.74,3.8,1022.5,1023.5,1036.7,2023-12-23,1005.6,2023-12-06,3.5
"보성군",16.3,23.1,10.5,26.2,2023-10-04,5.2,2023-10-22,7.0,2.5,9.9,2023-10-20,16.2,2023-10-20,72,23,2023-10-05,10.6,13.0,238.3,488.87,4.3,1019.2,1019.4,1026.7,2023-10-12,1009.1,2023-10-14,16.3,9.8,15.5,4.5,25.9,2023-11-02,-2.5,2023-11-26,109.8,-,-,-,-,-,3.1,12.6,2023-11-18,18.5,2023-11-18,72,22,2023-11-25,4.4,9.4,181.5,340.13,4.5,1022.2,1022.4,1034.6,2023-11-25,1006.4,2023-11-06,9.5,4.6,10.2,-0.4,19.8,2023-12-10,-8.5,2023-12-22,67.4,-,-,-,-,-,2.6,10.0,2023-12-20,15.3,2023-12-20,78,29,2023-12-30,0.7,7.1,154.1,265.33,4.7,1024.9,1025.1,1039.3,2023-12-23,1008.5,2023-12-06,4.0
"강진군",16.4,23.1,10.9,26.3,2023-10-02,6.2,2023-10-22,6.3,1.4,6.4,2023-10-21,14.3,2023-10-20,73,20,2023-10-31,10.8,13.1,-,-,-,1016.6,1018.5,1025.4,2023-10-23,1008.4,2023-10-14,19.0,9.9,15.6,4.8,26.2,2023-11-02,-2.9,2023-11-26,85.7,-,-,-,-,-,1.9,6.7,2023-11-23,14.1,2023-11-10,73,18,2023-11-26,4.8,9.6,-,-,-,1019.6,1021.6,1033.6,2023-11-25,1005.3,2023-11-06,10.6,4.8,10.1,0.0,20.2,2023-12-09,-8.6,2023-12-22,62.3,-,-,-,-,-,1.6,7.3,2023-12-06,14.4,2023-12-16,80,31,2023-12-04,1.4,7.4,-,-,5.6,1022.3,1024.3,1038.5,2023-12-23,1007.7,2023-12-06,5.4
"장흥",15.3,22.7,9.0,25.6,2023-10-02,3.5,2023-10-22,7.5,1.2,7.5,2023-10-20,14.0,2023-10-20,76,18,2023-10-31,10.1,12.6,227.5,-,4.2,1013.7,1018.9,1026.0,2023-10-12,1008.7,2023-10-14,18.8,9.3,15.4,3.4,26.7,2023-11-02,-3.9,2023-11-26,93.0,-,-,-,-,-,1.8,7.7,2023-11-12,12.7,2023-11-06,73,19,2023-11-25,4.2,9.2,175.8,-,4.6,1016.5,1021.9,1033.9,2023-11-25,1005.7,2023-11-06,9.5,4.4,10.2,-1.0,20.4,2023-12-09,-9.8,2023-12-22,51.9,-,-,-,-,-,1.4,6.3,2023-12-31,12.5,2023-12-31,79,29,2023-12-07,0.6,7.1,144.3,-,5.1,1019.0,1024.5,1038.9,2023-12-23,1008.0,2023-12-06,3.5
"해남",15.9,22.6,9.8,25.2,2023-10-02,4.9,2023-10-22,4.9,1.5,7.8,2023-10-08,14.4,2023-10-05,76,23,2023-10-18,10.9,13.3,234.6,-,4.5,1017.5,1019.5,1026.1,2023-10-12,1009.6,2023-10-14,19.3,10.2,15.4,4.7,25.6,2023-11-04,-3.8,2023-11-26,81.6,-,-,-,-,-,2.1,8.4,2023-11-06,17.1,2023-11-10,75,23,2023-11-25,5.4,10.0,167.1,-,5.5,1020.5,1022.5,1034.6,2023-11-25,1005.9,2023-11-06,11.8,5.1,10.1,0.2,21.0,2023-12-09,-9.3,2023-12-22,56.6,-,-,-,-,-,1.9,9.0,2023-12-16,16.8,2023-12-16,81,36,2023-12-30,1.8,7.6,133.7,-,6.4,1023.0,1025.0,1039.2,2023-12-22,1008.6,2023-12-11,7.1
"고흥",16.9,23.4,11.1,26.2,2023-10-01,5.9,2023-10-21,4.5,1.2,6.9,2023-10-20,12.3,2023-10-20,73,20,2023-10-31,11.3,13.6,229.2,-,3.8,1012.6,1018.7,1025.9,2023-10-12,1008.4,2023-10-14,17.7,10.7,16.7,5.0,26.8,2023-11-02,-2.3,2023-11-26,105.2,-,-,-,-,-,1.7,8.6,2023-11-07,15.8,2023-11-23,71,18,2023-11-25,5.1,9.9,182.5,-,4.3,1015.4,1021.7,1033.7,2023-11-25,1005.7,2023-11-06,10.2,5.6,11.1,0.5,20.7,2023-12-09,-7.8,2023-12-23,51.6,-,-,-,-,-,1.4,8.2,2023-12-17,16.8,2023-12-16,76,22,2023-12-04,1.3,7.5,153.7,-,5.2,1017.9,1024.4,1038.7,2023-12-23,1008.0,2023-12-06,4.9
"의령군",14.8,23.2,8.7,26.3,2023-10-04,2.3,2023-10-22,11.0,1.2,8.3,2023-10-20,15.8,2023-10-20,80,19,2023-10-06,10.5,12.9,-,-,4.1,1016.7,1018.3,1026.8,2023-10-12,1007.3,2023-10-14,16.8,8.7,16.4,2.0,28.5,2023-11-02,-5.8,2023-11-25,88.7,-,-,-,-,-,1.8,9.2,2023-11-23,16.3,2023-11-06,72,13,2023-11-25,3.1,8.8,204.9,356.74,3.3,1019.4,1021.1,1034.1,2023-11-25,1005.0,2023-11-06,9.4,3.4,10.7,-2.4,20.0,2023-12-09,-11.4,2023-12-22,79.6,-,-,-,-,-,1.7,10.8,2023-12-16,20.7,2023-12-16,71,19,2023-12-07,-2.0,6.0,184.1,294.41,3.8,1022.4,1024.2,1038.9,2023-12-23,1006.4,2023-12-06,4.1
"함양군",14.1,22.6,7.5,26.0,2023-10-02,2.3,2023-10-22,5.4,1.2,8.1,2023-10-20,14.1,2023-10-20,73,14,2023-10-31,8.2,11.1,215.0,460.65,4.4,1001.0,1019.1,1027.8,2023-10-12,1007.7,2023-10-14,17.7,8.0,14.9,1.6,27.6,2023-11-02,-5.2,2023-11-26,48.2,-,-,-,-,-,2.2,7.8,2023-11-06,14.7,2023-11-18,64,13,2023-11-26,0.5,7.3,176.1,324.32,3.9,1003.1,1021.6,1034.4,2023-11-25,1004.2,2023-11-06,9.6,2.5,8.8,-2.7,19.2,2023-12-08,-10.3,2023-12-22,121.1,-,-,-,-,-,1.7,7.2,2023-12-16,15.3,2023-12-07,71,13,2023-12-04,-2.9,5.5,139.8,240.80,5.0,1005.7,1024.7,1039.0,2023-12-23,1006.5,2023-12-06,3.6
"광양시",17.2,23.4,12.4,27.2,2023-10-04,7.1,2023-10-22,3.3,1.4,6.8,2023-10-20,13.2,2023-10-20,63,23,2023-10-18,9.4,12.0,211.2,456.77,4.0,1008.4,1018.8,1026.3,2023-10-12,1008.2,2023-10-14,20.8,10.3,16.3,5.5,27.3,2023-11-02,-2.5,2023-11-25,71.6,-,-,-,-,-,2.0,7.3,2023-11-18,15.8,2023-11-12,65,17,2023-11-26,3.3,8.9,176.8,335.06,3.7,1010.9,1021.6,1034.0,2023-11-25,1005.5,2023-11-06,10.9,5.2,10.5,1.1,20.4,2023-12-09,-8.5,2023-12-22,59.5,-,-,-,-,-,1.9,9.0,2023-12-16,18.0,2023-12-16,67,20,2023-12-05,-0.8,6.5,163.5,270.62,4.4,1013.5,1024.5,1038.3,2023-12-23,1007.9,2023-12-06,5.0
"진도군",16.3,21.8,11.3,24.7,2023-10-02,7.1,2023-10-24,5.7,2.0,10.4,2023-10-05,17.4,2023-10-05,76,29,2023-10-02,11.4,13.7,208.1,-,4.2,1019.3,1020.5,1027.1,2023-10-12,1010.9,2023-10-14,17.6,10.7,15.1,6.0,25.1,2023-11-04,-2.7,2023-11-26,80.4,-,-,-,-,-,3.0,11.8,2023-11-10,20.4,2023-11-18,73,17,2023-11-26,5.7,10.2,121.1,-,5.6,1022.2,1023.4,1035.8,2023-11-25,1006.6,2023-11-06,10.5,5.6,9.9,1.3,20.3,2023-12-09,-7.7,2023-12-22,72.2,-,-,-,-,-,2.5,8.4,2023-12-16,16.4,2023-12-16,79,26,2023-12-30,2.0,7.7,85.9,-,6.9,1024.7,1025.9,1040.0,2023-12-22,1009.2,2023-12-11,5.8
"봉화",11.4,19.1,5.8,22.0,2023-10-04,-0.1,2023-10-21,24.3,1.0,6.2,2023-10-15,11.5,2023-10-05,82,26,2023-10-22,7.8,10.8,164.6,-,4.0,980.8,1019.4,1028.3,2023-10-12,1008.0,2023-10-14,12.9,5.6,12.0,0.0,23.5,2023-11-02,-7.3,2023-11-25,34.5,-,-,-,-,-,1.4,6.3,2023-11-07,14.5,2023-11-28,69,17,2023-11-25,-0.6,6.8,183.9,-,3.4,981.7,1021.2,1035.5,2023-11-25,1001.9,2023-11-06,5.2,0.2,6.2,-5.1,16.0,2023-12-09,-13.6,2023-12-23,100.6,-,-,-,-,-,1.3,7.0,2023-12-17,13.1,2023-12-17,70,21,2023-12-23,-5.3,4.7,168.4,-,3.6,984.2,1024.7,1039.8,2023-12-23,1006.1,2023-12-06,-0.1
"영주",12.5,19.8,6.2,22.6,2023-10-02,1.2,2023-10-22,30.2,1.8,8.6,2023-10-20,15.0,2023-10-05,78,18,2023-10-31,8.0,11.0,216.1,-,4.5,993.8,1018.9,1027.6,2023-10-12,1007.8,2023-10-14,15.8,6.0,11.9,0.5,24.1,2023-11-02,-6.3,2023-11-30,67.9,-,-,-,-,-,3.1,11.0,2023-11-29,19.8,2023-11-07,66,20,2023-11-23,-0.5,6.8,188.6,-,3.7,995.2,1021.1,1035.1,2023-11-25,1001.8,2023-11-06,6.8,0.2,5.4,-4.8,16.4,2023-12-09,-14.2,2023-12-23,104.5,-,-,-,-,-,2.9,12.3,2023-12-16,21.0,2023-12-16,71,20,2023-12-28,-5.0,4.9,157.4,-,4.2,998.0,1024.5,1039.7,2023-12-23,1006.5,2023-12-06,0.7
"문경",13.7,20.7,7.8,23.3,2023-10-31,2.6,2023-10-21,8.3,1.4,6.6,2023-10-05,12.9,2023-10-05,75,19,2023-10-31,8.6,11.4,219.6,-,4.2,997.8,1018.3,1027.0,2023-10-12,1006.7,2023-10-14,15.1,6.9,12.7,1.4,27.1,2023-11-02,-6.3,2023-11-25,36.4,-,-,-,-,-,2.1,9.2,2023-11-29,18.9,2023-11-07,63,13,2023-11-25,-0.4,6.9,181.2,-,3.3,999.6,1020.8,1034.7,2023-11-25,1002.2,2023-11-06,7.0,1.2,5.9,-3.3,16.4,2023-12-09,-12.7,2023-12-22,108.6,-,-,-,-,-,1.8,9.2,2023-12-31,19.0,2023-12-16,69,21,2023-12-04,-4.4,5.1,135.6,-,4.1,1002.4,1024.1,1038.3,2023-12-23,1006.3,2023-12-06,1.8
"청송군",12.0,20.8,6.1,23.6,2023-10-18,-1.0,2023-10-21,7.4,1.2,6.9,2023-10-20,14.7,2023-10-20,82,19,2023-10-31,8.3,11.2,195.2,445.10,4.6,993.9,1018.8,1028.2,2023-10-12,1007.7,2023-10-14,16.4,5.6,13.2,-1.1,26.3,2023-11-02,-9.1,2023-11-25,27.3,-,-,-,-,-,2.1,8.3,2023-11-23,16.5,2023-11-07,65,16,2023-11-25,-1.5,6.3,200.0,342.42,2.8,995.3,1020.9,1035.1,2023-11-25,1002.0,2023-11-06,6.8,0.0,6.8,-5.9,18.5,2023-12-08,-15.5,2023-12-23,103.9,-,-,-,-,-,1.9,8.3,2023-12-20,17.2,2023-12-16,69,22,2023-12-19,-5.8,4.7,171.7,271.77,3.6,998.1,1024.3,1039.1,2023-12-23,1006.6,2023-12-06,0.8
"영덕",15.3,21.0,10.3,24.2,2023-10-18,3.2,2023-10-22,9.9,2.2,8.4,2023-10-15,15.4,2023-10-20,69,26,2023-10-31,9.0,11.7,234.8,-,3.8,1013.2,1018.1,1026.6,2023-10-12,1007.4,2023-10-15,19.5,9.6,14.7,4.7,27.0,2023-11-02,-3.3,2023-11-30,9.1,-,-,-,-,-,2.8,10.8,2023-11-18,21.2,2023-11-06,53,12,2023-11-23,-0.4,7.0,-,-,3.1,1014.7,1019.7,1033.7,2023-11-25,1001.6,2023-11-06,11.6,3.7,8.3,-0.7,19.8,2023-12-09,-9.9,2023-12-22,135.2,-,-,-,-,-,3.1,11.4,2023-12-12,20.9,2023-12-16,57,19,2023-12-04,-4.9,5.1,183.3,-,3.9,1018.2,1023.3,1036.8,2023-12-23,1004.8,2023-12-06,4.4
"의성",13.0,21.6,6.8,24.0,2023-10-01,0.0,2023-10-21,6.8,0.7,5.8,2023-10-20,11.3,2023-10-20,81,22,2023-10-31,9.0,11.8,204.3,-,4.1,1008.4,1018.2,1027.1,2023-10-12,1006.8,2023-10-14,16.8,6.2,13.9,-0.4,27.1,2023-11-02,-8.6,2023-11-25,26.4,-,-,-,-,-,1.1,7.0,2023-11-06,14.0,2023-11-06,71,17,2023-11-25,0.3,7.2,192.5,-,3.1,1010.7,1020.7,1034.8,2023-11-25,1002.1,2023-11-06,7.8,0.5,7.8,-5.2,19.2,2023-12-09,-14.9,2023-12-23,81.5,-,-,-,-,-,0.9,7.8,2023-12-16,17.3,2023-12-16,73,23,2023-12-03,-4.3,5.2,165.2,-,3.7,1014.0,1024.3,1039.2,2023-12-23,1005.8,2023-12-06,2.0
"구미",14.9,21.9,9.5,24.8,2023-10-04,4.2,2023-10-21,3.4,0.6,4.2,2023-10-20,10.5,2023-10-20,68,18,2023-10-31,8.2,11.1,210.8,-,4.0,1013.3,1019.2,1027.9,2023-10-12,1007.9,2023-10-14,18.1,8.0,14.0,2.7,25.8,2023-11-02,-3.5,2023-11-25,40.5,-,-,-,-,-,0.8,4.4,2023-11-06,12.2,2023-11-18,60,15,2023-11-25,0.0,7.0,171.3,-,3.7,1015.7,1021.7,1035.4,2023-11-25,1002.9,2023-11-06,8.7,2.6,7.9,-1.9,18.5,2023-12-09,-10.0,2023-12-22,100.8,-,-,-,-,-,0.8,5.6,2023-12-16,11.8,2023-12-16,65,23,2023-12-07,-3.8,5.2,146.1,-,3.9,1018.7,1024.9,1039.5,2023-12-23,1006.8,2023-12-06,2.7
"영천",14.3,21.7,8.2,24.2,2023-10-04,2.5,2023-10-22,5.5,1.2,7.4,2023-10-20,11.9,2023-10-20,73,19,2023-10-31,8.6,11.5,217.7,-,3.8,1007.3,1018.7,1027.5,2023-10-12,1007.6,2023-10-14,16.6,8.0,14.5,2.1,26.2,2023-11-02,-4.8,2023-11-26,24.7,-,-,-,-,-,2.1,9.4,2023-11-18,18.2,2023-11-24,62,18,2023-11-25,0.4,7.2,181.8,-,3.1,1009.3,1021.1,1034.4,2023-11-25,1003.6,2023-11-06,8.6,2.5,8.1,-3.0,19.1,2023-12-09,-10.3,2023-12-22,105.3,-,-,-,-,-,1.9,7.8,2023-12-31,15.4,2023-12-16,66,21,2023-12-19,-3.9,5.3,163.6,-,3.7,1012.3,1024.4,1038.8,2023-12-23,1006.7,2023-12-06,2.9
"경주시",14.9,22.8,8.7,26.0,2023-10-18,2.7,2023-10-22,3.9,2.0,9.4,2023-10-20,17.7,2023-10-20,71,20,2023-10-31,8.7,11.6,225.3,456.20,3.8,1014.0,1018.8,1027.2,2023-10-12,1007.3,2023-10-14,17.9,9.0,16.3,2.6,29.4,2023-11-02,-3.7,2023-11-26,28.8,-,-,-,-,-,2.8,10.0,2023-11-18,18.5,2023-11-23,57,13,2023-11-26,-0.2,7.0,210.4,351.03,2.8,1016.0,1020.9,1034.4,2023-11-25,1003.9,2023-11-06,8.8,3.2,9.4,-2.2,20.9,2023-12-09,-9.4,2023-12-22,176.4,-,-,-,-,-,2.7,10.7,2023-12-22,18.0,2023-12-07,61,10,2023-12-05,-4.6,5.1,187.3,276.29,3.7,1019.2,1024.3,1038.2,2023-12-23,1006.3,2023-12-06,3.0
"거창",12.8,21.6,6.2,24.4,2023-10-04,0.7,2023-10-22,9.5,1.1,7.4,2023-10-20,13.0,2023-10-20,76,21,2023-10-31,7.8,10.8,224.9,-,4.2,991.9,1019.0,1027.7,2023-10-12,1007.5,2023-10-14,16.4,6.6,14.3,-0.1,26.9,2023-11-02,-6.7,2023-11-25,44.2,-,-,-,-,-,1.5,6.5,2023-11-23,12.9,2023-11-23,67,11,2023-11-25,0.1,7.0,208.7,-,3.7,993.6,1021.5,1034.3,2023-11-25,1003.4,2023-11-06,8.5,1.5,8.1,-4.1,18.9,2023-12-08,-11.9,2023-12-23,121.5,-,-,-,-,-,1.2,7.2,2023-12-22,13.9,2023-12-16,72,19,2023-12-05,-3.4,5.3,171.5,-,4.6,995.9,1024.5,1039.2,2023-12-23,1005.9,2023-12-06,3.0
"합천",15.1,22.8,9.5,25.9,2023-10-01,3.7,2023-10-22,6.3,0.5,4.9,2023-10-20,10.6,2023-10-20,72,16,2023-10-31,9.0,11.7,217.8,-,4.0,1015.3,1018.5,1026.9,2023-10-12,1007.5,2023-10-14,18.9,8.7,15.8,2.5,28.1,2023-11-02,-5.2,2023-11-25,46.5,-,-,-,-,-,0.8,5.2,2023-11-06,12.9,2023-11-07,65,6,2023-11-25,1.3,7.7,186.4,-,3.4,1017.7,1021.0,1034.2,2023-11-25,1004.3,2023-11-06,9.6,3.2,9.7,-2.0,19.0,2023-12-09,-10.7,2023-12-23,90.9,-,-,-,-,-,0.6,5.2,2023-12-08,10.9,2023-12-08,67,15,2023-12-05,-3.0,5.6,160.1,-,4.0,1020.7,1024.1,1038.9,2023-12-23,1006.5,2023-12-06,3.4
"밀양",15.5,22.9,9.7,25.4,2023-10-04,4.3,2023-10-22,9.2,0.7,5.8,2023-10-20,11.7,2023-10-20,66,19,2023-10-05,8.2,11.2,233.3,-,4.0,1017.2,1018.1,1026.3,2023-10-12,1007.0,2023-10-14,19.9,9.2,16.2,3.1,27.4,2023-11-02,-2.9,2023-11-25,61.7,-,-,-,-,-,1.0,7.3,2023-11-06,12.9,2023-11-06,58,9,2023-11-25,0.2,7.2,195.3,-,3.2,1019.6,1020.6,1033.5,2023-11-25,1004.5,2023-11-06,10.7,3.7,10.0,-1.6,19.3,2023-12-10,-9.8,2023-12-22,76.3,-,-,-,-,-,0.9,7.6,2023-12-16,14.1,2023-12-16,61,15,2023-12-19,-4.1,5.3,172.7,-,3.8,1022.7,1023.8,1038.1,2023-12-23,1006.3,2023-12-15,3.7
"산청",14.4,22.1,8.5,26.1,2023-10-04,3.8,2023-10-22,8.0,1.2,9.3,2023-10-20,16.5,2023-10-20,75,17,2023-10-31,9.2,11.9,208.5,-,4.1,1003.3,1019.7,1028.6,2023-10-12,1008.5,2023-10-14,17.2,8.2,14.8,2.4,27.3,2023-11-02,-4.8,2023-11-26,83.6,-,-,-,-,-,2.3,10.3,2023-11-06,18.9,2023-11-06,66,13,2023-11-25,1.3,7.7,171.3,-,3.5,1005.3,1022.2,1035.3,2023-11-25,1004.8,2023-11-06,9.4,2.6,8.8,-2.3,18.7,2023-12-08,-9.8,2023-12-22,96.9,-,-,-,-,-,1.9,12.0,2023-12-07,20.6,2023-12-07,71,20,2023-12-05,-2.6,5.7,125.4,-,4.4,1007.9,1025.3,1039.5,2023-12-23,1007.1,2023-12-06,3.8
"거제",16.6,21.8,12.3,24.4,2023-10-04,7.1,2023-10-22,4.2,1.0,5.3,2023-10-20,10.7,2023-10-20,70,24,2023-10-05,10.4,12.9,209.3,-,3.8,1013.3,1018.7,1026.3,2023-10-12,1008.2,2023-10-14,18.9,11.0,15.4,6.7,24.6,2023-11-03,0.3,2023-11-25,53.3,-,-,-,-,-,1.6,8.8,2023-11-06,19.5,2023-11-06,64,17,2023-11-25,3.8,9.2,165.5,-,3.2,1015.8,1021.2,1033.6,2023-11-25,1005.4,2023-11-06,10.1,5.8,9.9,1.7,19.2,2023-12-09,-6.3,2023-12-22,88.3,-,-,-,-,-,1.3,5.1,2023-12-21,12.5,2023-12-16,66,24,2023-12-07,-0.4,6.8,146.6,-,4.0,1018.6,1024.2,1038.0,2023-12-23,1007.2,2023-12-06,4.6
"남해",16.9,22.1,12.8,25.4,2023-10-01,7.1,2023-10-21,4.5,1.5,6.3,2023-10-20,10.5,2023-10-20,67,23,2023-10-05,10.2,12.7,225.7,-,3.8,1013.2,1018.6,1026.6,2023-10-12,1007.9,2023-10-14,19.8,10.7,15.4,6.2,26.3,2023-11-02,-1.5,2023-11-25,79.7,-,-,-,-,-,1.7,7.0,2023-11-23,14.6,2023-11-06,64,18,2023-11-25,3.7,9.0,186.8,-,3.4,1015.7,1021.3,1034.0,2023-11-25,1004.4,2023-11-06,11.5,5.4,9.8,1.3,19.2,2023-12-09,-7.8,2023-12-22,89.6,-,-,-,-,-,1.6,7.9,2023-12-15,18.5,2023-12-16,67,25,2023-12-05,-0.5,6.6,171.8,-,4.4,1018.5,1024.2,1038.1,2023-12-23,1007.5,2023-12-06,5.7
"북부산",16.3,23.2,10.5,26.2,2023-10-04,4.7,2023-10-22,2.5,1.6,6.0,2023-10-18,12.2,2023-10-20,66,17,2023-10-31,9.0,11.7,227.0,461.65,3.8,1018.4,1018.8,1026.6,2023-10-12,1007.9,2023-10-14,18.9,10.1,16.6,4.0,26.2,2023-11-03,-3.5,2023-11-25,45.5,-,-,-,-,-,1.7,12.1,2023-11-06,19.7,2023-11-06,61,12,2023-11-10,1.9,8.2,-,-,3.1,1020.9,1021.3,1033.9,2023-11-25,1006.1,2023-11-06,-,4.6,10.6,-0.7,20.6,2023-12-09,-8.6,2023-12-22,81.0,-,-,-,-,-,1.7,7.1,2023-12-12,14.6,2023-12-12,62,20,2023-12-19,-2.7,5.9,-,-,3.8,1024.0,1024.4,1038.1,2023-12-23,1007.2,2023-12-06,-
